﻿ID de la reunión,Tema,Hora de inicio,Hora de finalización,E-mail del usuario,Duración (minutos),Participantes,
6573450185,Sala Virtual 85's Personal Meeting Room,12/08/2021 09:56:50 AM,12/08/2021 11:44:20 AM,zooms85@ces.edu.co,108,48,

Nombre (nombre original),E-mail del usuario,Hora para unirse,Hora para salir,Duración (minutos),Invitado
Sala Virtual 85,zooms85@ces.edu.co,12/08/2021 09:56:50 AM,12/08/2021 11:44:19 AM,108,No
PAULINA FLOREZ G,,12/08/2021 09:56:54 AM,12/08/2021 10:00:02 AM,4,Sí
Andres Martinez,,12/08/2021 09:56:58 AM,12/08/2021 10:00:04 AM,4,Sí
Sara Nieto,saris20038@gmail.com,12/08/2021 09:57:02 AM,12/08/2021 10:00:04 AM,4,Sí
Andrea Parra,andreapar34@hotmail.com,12/08/2021 09:57:02 AM,12/08/2021 10:00:02 AM,3,Sí
william velez mesa,williamvlz1999@gmail.com,12/08/2021 09:57:07 AM,12/08/2021 10:00:02 AM,3,Sí
Isabella Arango,,12/08/2021 09:57:08 AM,12/08/2021 10:00:02 AM,3,Sí
Maria Paula Suarez,,12/08/2021 09:57:12 AM,12/08/2021 10:00:08 AM,3,Sí
Sergio Gómez,checholo2031@hotmail.com,12/08/2021 09:57:13 AM,12/08/2021 10:00:04 AM,3,Sí
María José Franco,mariajfranco.c@gmail.com,12/08/2021 09:57:13 AM,12/08/2021 10:00:04 AM,3,Sí
Nicolle Baños,,12/08/2021 09:57:15 AM,12/08/2021 10:00:03 AM,3,Sí
Jhonatan Pasos,,12/08/2021 09:57:15 AM,12/08/2021 10:00:03 AM,3,Sí
Izavella Valencia,valencia.izavella@uces.edu.co,12/08/2021 09:57:16 AM,12/08/2021 10:00:03 AM,3,Sí
mariana villegas perez,mavillegas2015@gmail.com,12/08/2021 09:57:19 AM,12/08/2021 10:00:03 AM,3,Sí
Verónica Obando Builes,,12/08/2021 09:57:20 AM,12/08/2021 10:00:03 AM,3,Sí
Daniel Acevedo,josedaniel20022014@gmail.com,12/08/2021 09:57:26 AM,12/08/2021 10:00:04 AM,3,Sí
Marcela Aristizábal,aristizabal.marcela@uces.edu.co,12/08/2021 09:57:27 AM,12/08/2021 09:58:56 AM,2,Sí
Alejandra Rojas,,12/08/2021 09:57:32 AM,12/08/2021 10:00:00 AM,3,Sí
Geronimo Buitrago,,12/08/2021 09:57:39 AM,12/08/2021 10:00:01 AM,3,Sí
Santiago Díaz,diaz.santiago@uces.edu.co,12/08/2021 09:57:43 AM,12/08/2021 10:00:02 AM,3,Sí
Abraham Iriarte,,12/08/2021 09:57:56 AM,12/08/2021 10:00:01 AM,3,Sí
Tomas Ochoa,tomasoji@gmail.com,12/08/2021 09:58:58 AM,12/08/2021 10:00:05 AM,2,Sí
Manuela Mizger,,12/08/2021 09:58:58 AM,12/08/2021 10:00:00 AM,2,Sí
Samuel Garcia,,12/08/2021 09:59:16 AM,12/08/2021 10:00:00 AM,1,Sí
Jhon Diego Gomez Cifuentes,,12/08/2021 09:59:41 AM,12/08/2021 10:00:01 AM,1,Sí
Alejandra Rojas,,12/08/2021 10:00:00 AM,12/08/2021 11:42:28 AM,103,Sí
Manuela Mizger,,12/08/2021 10:00:00 AM,12/08/2021 10:10:12 AM,11,Sí
Samuel Garcia,,12/08/2021 10:00:01 AM,12/08/2021 11:42:31 AM,103,Sí
Jhon Diego Gomez Cifuentes,,12/08/2021 10:00:01 AM,12/08/2021 11:42:28 AM,103,Sí
Abraham Iriarte,,12/08/2021 10:00:02 AM,12/08/2021 11:42:27 AM,103,Sí
Isabella Arango,,12/08/2021 10:00:02 AM,12/08/2021 11:42:32 AM,103,Sí
Geronimo Buitrago,,12/08/2021 10:00:02 AM,12/08/2021 11:42:35 AM,103,Sí
Santiago Díaz,diaz.santiago@uces.edu.co,12/08/2021 10:00:02 AM,12/08/2021 11:44:17 AM,105,Sí
william velez mesa,williamvlz1999@gmail.com,12/08/2021 10:00:02 AM,12/08/2021 11:43:19 AM,104,Sí
PAULINA FLOREZ G,,12/08/2021 10:00:03 AM,12/08/2021 11:42:32 AM,103,Sí
Andrea Parra,andreapar34@hotmail.com,12/08/2021 10:00:03 AM,12/08/2021 11:42:30 AM,103,Sí
Izavella Valencia,valencia.izavella@uces.edu.co,12/08/2021 10:00:03 AM,12/08/2021 11:23:19 AM,84,Sí
Nicolle Baños,,12/08/2021 10:00:03 AM,12/08/2021 11:42:29 AM,103,Sí
Verónica Obando Builes,,12/08/2021 10:00:04 AM,12/08/2021 11:42:28 AM,103,Sí
Jhonatan Pasos,,12/08/2021 10:00:04 AM,12/08/2021 11:42:27 AM,103,Sí
mariana villegas perez,mavillegas2015@gmail.com,12/08/2021 10:00:04 AM,12/08/2021 10:27:32 AM,28,Sí
Sergio Gómez,checholo2031@hotmail.com,12/08/2021 10:00:04 AM,12/08/2021 11:42:28 AM,103,Sí
María José Franco,mariajfranco.c@gmail.com,12/08/2021 10:00:04 AM,12/08/2021 11:19:10 AM,80,Sí
Daniel Acevedo,josedaniel20022014@gmail.com,12/08/2021 10:00:04 AM,12/08/2021 11:42:31 AM,103,Sí
Andres Martinez,,12/08/2021 10:00:04 AM,12/08/2021 11:42:30 AM,103,Sí
Sara Nieto,saris20038@gmail.com,12/08/2021 10:00:05 AM,12/08/2021 11:42:31 AM,103,Sí
Daniela Zabaleta,danielazabe@hotmail.com,12/08/2021 10:00:05 AM,12/08/2021 10:00:17 AM,1,Sí
Santiago Amaya,,12/08/2021 10:00:06 AM,12/08/2021 10:00:19 AM,1,Sí
Tomas Ochoa,tomasoji@gmail.com,12/08/2021 10:00:06 AM,12/08/2021 11:23:27 AM,84,Sí
Maria Paula Suarez,,12/08/2021 10:00:08 AM,12/08/2021 10:12:30 AM,13,Sí
Daniela Zabaleta,danielazabe@hotmail.com,12/08/2021 10:00:18 AM,12/08/2021 11:42:28 AM,103,Sí
Santiago Amaya,,12/08/2021 10:00:19 AM,12/08/2021 11:30:12 AM,90,Sí
Marcela Aristizábal,aristizabal.marcela@uces.edu.co,12/08/2021 10:00:27 AM,12/08/2021 10:00:46 AM,1,Sí
Miguel Zuleta,,12/08/2021 10:00:29 AM,12/08/2021 10:00:36 AM,1,Sí
Duvan Duque,,12/08/2021 10:00:30 AM,12/08/2021 10:00:37 AM,1,Sí
Miguel Zuleta,,12/08/2021 10:00:36 AM,12/08/2021 11:42:30 AM,102,Sí
Duvan Duque,,12/08/2021 10:00:38 AM,12/08/2021 11:42:27 AM,102,Sí
Sara Osorno,,12/08/2021 10:00:44 AM,12/08/2021 10:00:57 AM,1,Sí
Marcela Aristizábal,aristizabal.marcela@uces.edu.co,12/08/2021 10:00:47 AM,12/08/2021 11:42:31 AM,102,Sí
Ángel Muñoz,,12/08/2021 10:00:49 AM,12/08/2021 10:01:00 AM,1,Sí
Sara Osorno,,12/08/2021 10:00:58 AM,12/08/2021 11:42:37 AM,102,Sí
Ángel Muñoz,,12/08/2021 10:01:01 AM,12/08/2021 11:42:30 AM,102,Sí
cristian bustamante,,12/08/2021 10:01:17 AM,12/08/2021 10:01:26 AM,1,Sí
cristian bustamante,,12/08/2021 10:01:27 AM,12/08/2021 10:05:34 AM,5,Sí
Paulina Orozco,paulina.orozco2000@gmail.com,12/08/2021 10:02:18 AM,12/08/2021 10:02:33 AM,1,Sí
Felipe Carmona,,12/08/2021 10:02:19 AM,12/08/2021 10:02:30 AM,1,Sí
Felipe Carmona,,12/08/2021 10:02:30 AM,12/08/2021 10:05:39 AM,4,Sí
Paulina Orozco,paulina.orozco2000@gmail.com,12/08/2021 10:02:33 AM,12/08/2021 11:42:26 AM,100,Sí
Felipe Carmona,,12/08/2021 10:04:18 AM,12/08/2021 10:04:26 AM,1,Sí
Felipe Carmona,,12/08/2021 10:04:27 AM,12/08/2021 11:34:04 AM,90,Sí
María José Franco,mariajfranco.c@gmail.com,12/08/2021 10:05:41 AM,12/08/2021 10:06:26 AM,1,Sí
María José Franco,mariajfranco.c@gmail.com,12/08/2021 10:06:26 AM,12/08/2021 11:42:29 AM,97,Sí
PAULINA FLOREZ G,,12/08/2021 10:07:43 AM,12/08/2021 10:07:48 AM,1,Sí
PAULINA FLOREZ G,,12/08/2021 10:07:48 AM,12/08/2021 11:03:31 AM,56,Sí
Maria Paula Suarez,,12/08/2021 10:07:57 AM,12/08/2021 10:08:26 AM,1,Sí
Manuela Mizger,mizger.manuela@uces.edu.co,12/08/2021 10:08:22 AM,12/08/2021 10:08:25 AM,1,Sí
Manuela Mizger,mizger.manuela@uces.edu.co,12/08/2021 10:08:26 AM,12/08/2021 11:20:32 AM,73,Sí
Maria Paula Suarez,,12/08/2021 10:08:27 AM,12/08/2021 10:08:50 AM,1,Sí
Santiago Bermudez,santiagober11389@gmail.com,12/08/2021 10:11:03 AM,12/08/2021 10:11:12 AM,1,Sí
Santiago Bermudez,santiagober11389@gmail.com,12/08/2021 10:11:13 AM,12/08/2021 11:42:37 AM,92,Sí
Maria Paula Suarez,,12/08/2021 10:12:47 AM,12/08/2021 10:12:54 AM,1,Sí
Maria Paula Suarez,,12/08/2021 10:12:54 AM,12/08/2021 10:14:22 AM,2,Sí
Maria Paula Suarez,,12/08/2021 10:13:56 AM,12/08/2021 10:14:02 AM,1,Sí
Maria Paula Suarez,,12/08/2021 10:14:02 AM,12/08/2021 11:22:11 AM,69,Sí
Maria Paula Suarez,,12/08/2021 10:14:23 AM,12/08/2021 11:42:33 AM,89,Sí
mariana villegas perez,mavillegas2015@gmail.com,12/08/2021 10:28:01 AM,12/08/2021 10:33:50 AM,6,Sí
Manuela Mizger,,12/08/2021 11:20:24 AM,12/08/2021 11:20:28 AM,1,Sí
Manuela Mizger,,12/08/2021 11:20:28 AM,12/08/2021 11:42:30 AM,23,Sí
Izavella Valencia,valencia.izavella@uces.edu.co,12/08/2021 11:25:37 AM,12/08/2021 11:28:52 AM,4,Sí
Izavella Valencia,valencia.izavella@uces.edu.co,12/08/2021 11:28:52 AM,12/08/2021 11:43:11 AM,15,Sí
cristian bustamante,,12/08/2021 11:30:12 AM,12/08/2021 11:31:03 AM,1,Sí
cristian bustamante,,12/08/2021 10:05:42 AM,12/08/2021 11:30:11 AM,85,Sí
mariana villegas perez,mavillegas2015@gmail.com,12/08/2021 10:33:50 AM,12/08/2021 11:42:27 AM,69,Sí
Izavella Valencia,valencia.izavella@uces.edu.co,12/08/2021 11:23:20 AM,12/08/2021 11:25:29 AM,3,Sí
cristian bustamante,,12/08/2021 11:31:16 AM,12/08/2021 11:42:28 AM,12,Sí
