﻿ID de la reunión,Tema,Hora de inicio,Hora de finalización,E-mail del usuario,Duración (minutos),Participantes,
6573450185,Sala Virtual 85's Personal Meeting Room,29/07/2021 10:00:52 AM,29/07/2021 11:58:25 AM,zooms85@ces.edu.co,118,34,

Nombre (nombre original),E-mail del usuario,Hora para unirse,Hora para salir,Duración (minutos),Invitado,Consentimiento de grabación
Sala Virtual 85,zooms85@ces.edu.co,29/07/2021 10:00:52 AM,29/07/2021 11:58:25 AM,118,No
Jhonatan Pasos,,29/07/2021 10:01:00 AM,29/07/2021 10:01:17 AM,1,Sí
Daniel Acevedo,josedaniel20022014@gmail.com,29/07/2021 10:01:01 AM,29/07/2021 10:01:19 AM,1,Sí
Alejandra Rojas,,29/07/2021 10:01:01 AM,29/07/2021 10:01:15 AM,1,Sí
Sara Nieto,saris20038@gmail.com,29/07/2021 10:01:05 AM,29/07/2021 10:02:14 AM,2,Sí
mariana villegas perez,mavillegas2015@gmail.com,29/07/2021 10:01:06 AM,29/07/2021 10:01:16 AM,1,Sí
Andrea Parra,andreapar34@hotmail.com,29/07/2021 10:01:06 AM,29/07/2021 10:01:18 AM,1,Sí
Nicolle Baños,,29/07/2021 10:01:07 AM,29/07/2021 10:01:17 AM,1,Sí
Verónica Obando Builes,,29/07/2021 10:01:07 AM,29/07/2021 10:01:19 AM,1,Sí
Sara Osorno,,29/07/2021 10:01:07 AM,29/07/2021 10:01:20 AM,1,Sí
Samuel Garcia,,29/07/2021 10:01:09 AM,29/07/2021 10:01:16 AM,1,Sí
Marcela Aristizábal,aristizabal.marcela@uces.edu.co,29/07/2021 10:01:11 AM,29/07/2021 10:01:16 AM,1,Sí
Daniela Zabaleta,danielazabe@hotmail.com,29/07/2021 10:01:11 AM,29/07/2021 10:01:16 AM,1,Sí
Alejandra Rojas,,29/07/2021 10:01:15 AM,29/07/2021 11:38:56 AM,98,Sí,Y
Samuel Garcia,,29/07/2021 10:01:16 AM,29/07/2021 11:38:38 AM,98,Sí,Y
Marcela Aristizábal,aristizabal.marcela@uces.edu.co,29/07/2021 10:01:16 AM,29/07/2021 11:39:20 AM,99,Sí,Y
Santiago Bermudez,santiagober11389@gmail.com,29/07/2021 10:01:16 AM,29/07/2021 10:01:28 AM,1,Sí
Daniela Zabaleta,danielazabe@hotmail.com,29/07/2021 10:01:17 AM,29/07/2021 11:38:46 AM,98,Sí,Y
Nicolle Baños,,29/07/2021 10:01:17 AM,29/07/2021 11:36:44 AM,96,Sí,Y
mariana villegas perez,mavillegas2015@gmail.com,29/07/2021 10:01:17 AM,29/07/2021 11:39:09 AM,98,Sí,Y
Izavella Valencia,,29/07/2021 10:01:17 AM,29/07/2021 10:01:30 AM,1,Sí
Jhonatan Pasos,,29/07/2021 10:01:17 AM,29/07/2021 11:41:23 AM,101,Sí,Y
Daniel Acevedo,josedaniel20022014@gmail.com,29/07/2021 10:01:19 AM,29/07/2021 11:38:42 AM,98,Sí,Y
Andrea Parra,andreapar34@hotmail.com,29/07/2021 10:01:19 AM,29/07/2021 11:38:56 AM,98,Sí,Y
Santiago Díaz,diaz.santiago@uces.edu.co,29/07/2021 10:01:19 AM,29/07/2021 10:01:26 AM,1,Sí
Miguel Zuleta,,29/07/2021 10:01:19 AM,29/07/2021 10:01:26 AM,1,Sí
Verónica Obando Builes,,29/07/2021 10:01:19 AM,29/07/2021 11:38:38 AM,98,Sí,Y
Johan Chacon,,29/07/2021 10:01:20 AM,29/07/2021 10:01:28 AM,1,Sí
Sara Osorno,,29/07/2021 10:01:20 AM,29/07/2021 11:36:55 AM,96,Sí,Y
Isabella Arango,,29/07/2021 10:01:21 AM,29/07/2021 10:01:28 AM,1,Sí
Sergio Gomez,,29/07/2021 10:01:23 AM,29/07/2021 10:01:29 AM,1,Sí
geronimo buitrago,gerobuitrago123@gmail.com,29/07/2021 10:01:23 AM,29/07/2021 10:01:26 AM,1,Sí
María José Franco,mariajfranco.c@gmail.com,29/07/2021 10:01:24 AM,29/07/2021 10:01:57 AM,1,Sí
geronimo buitrago,gerobuitrago123@gmail.com,29/07/2021 10:01:26 AM,29/07/2021 11:36:49 AM,96,Sí,Y
Santiago Díaz,diaz.santiago@uces.edu.co,29/07/2021 10:01:27 AM,29/07/2021 11:38:36 AM,98,Sí,Y
Miguel Zuleta,,29/07/2021 10:01:27 AM,29/07/2021 11:38:38 AM,98,Sí,Y
Isabella Arango,,29/07/2021 10:01:28 AM,29/07/2021 10:08:19 AM,7,Sí
Johan Chacon,,29/07/2021 10:01:28 AM,29/07/2021 11:38:43 AM,98,Sí,Y
Santiago Bermudez,santiagober11389@gmail.com,29/07/2021 10:01:29 AM,29/07/2021 11:37:03 AM,96,Sí,Y
Sergio Gomez,,29/07/2021 10:01:29 AM,29/07/2021 11:36:43 AM,96,Sí,Y
Izavella Valencia,,29/07/2021 10:01:31 AM,29/07/2021 11:24:54 AM,84,Sí,Y
Ángel Muñoz,,29/07/2021 10:01:33 AM,29/07/2021 10:01:57 AM,1,Sí
Ángel Muñoz,,29/07/2021 10:01:57 AM,29/07/2021 10:55:00 AM,54,Sí,Y
María José Franco,mariajfranco.c@gmail.com,29/07/2021 10:01:58 AM,29/07/2021 10:41:54 AM,40,Sí,Y
Sara Nieto,saris20038@gmail.com,29/07/2021 10:02:14 AM,29/07/2021 11:41:29 AM,100,Sí,Y
Andres Martinez,,29/07/2021 10:02:18 AM,29/07/2021 10:02:25 AM,1,Sí
Andres Martinez,,29/07/2021 10:02:26 AM,29/07/2021 11:36:42 AM,95,Sí,Y
Santiago Amaya,,29/07/2021 10:03:29 AM,29/07/2021 10:03:49 AM,1,Sí
Santiago Amaya,,29/07/2021 10:03:49 AM,29/07/2021 11:36:42 AM,93,Sí,Y
Abraham Iriarte,,29/07/2021 10:04:52 AM,29/07/2021 10:04:55 AM,1,Sí
Jhon Diego Gomez Cifuentes,,29/07/2021 10:04:54 AM,29/07/2021 10:04:58 AM,1,Sí
Jhon Diego Gomez Cifuentes,,29/07/2021 10:04:58 AM,29/07/2021 11:36:45 AM,92,Sí,Y
Abraham Iriarte,,29/07/2021 10:05:14 AM,29/07/2021 11:36:43 AM,92,Sí,Y
Cristian Bustamante,,29/07/2021 10:05:15 AM,29/07/2021 10:05:23 AM,1,Sí
William velez,,29/07/2021 10:05:16 AM,29/07/2021 10:07:57 AM,3,Sí
Cristian Bustamante,,29/07/2021 10:05:24 AM,29/07/2021 10:22:45 AM,18,Sí,Y
Maria Paula Suarez,,29/07/2021 10:07:52 AM,29/07/2021 10:07:58 AM,1,Sí
William velez,,29/07/2021 10:07:57 AM,29/07/2021 10:54:23 AM,47,Sí,Y
Maria Paula Suarez,,29/07/2021 10:07:59 AM,29/07/2021 10:09:39 AM,2,Sí,Y
Isabella Arango,,29/07/2021 10:08:20 AM,29/07/2021 11:36:47 AM,89,Sí,Y
Duvan Duque,,29/07/2021 10:08:36 AM,29/07/2021 10:08:42 AM,1,Sí
Duvan Duque,,29/07/2021 10:08:43 AM,29/07/2021 11:58:24 AM,110,Sí,Y
María José Franco,mariajfranco.c@gmail.com,29/07/2021 10:46:13 AM,29/07/2021 10:46:18 AM,1,Sí
María José Franco,mariajfranco.c@gmail.com,29/07/2021 10:46:18 AM,29/07/2021 11:00:14 AM,14,Sí,Y
Izavella Valencia,,29/07/2021 11:24:54 AM,29/07/2021 11:31:37 AM,7,Sí
Ángel Muñoz,,29/07/2021 10:56:30 AM,29/07/2021 11:58:25 AM,62,Sí
Izavella Valencia,,29/07/2021 11:31:38 AM,29/07/2021 11:41:36 AM,10,Sí
