﻿ID de la reunión,Tema,Hora de inicio,Hora de finalización,E-mail del usuario,Duración (minutos),Participantes,
6573450185,Sala Virtual 85's Personal Meeting Room,19/07/2021 07:56:26 AM,19/07/2021 09:55:00 AM,zooms85@ces.edu.co,119,17,

Nombre (nombre original),E-mail del usuario,Hora para unirse,Hora para salir,Duración (minutos),Invitado
Sala Virtual 85,zooms85@ces.edu.co,19/07/2021 07:56:26 AM,19/07/2021 09:55:00 AM,119,No
Maria Paula Suarez,,19/07/2021 07:57:03 AM,19/07/2021 08:03:32 AM,7,Sí
cristian bustamante,,19/07/2021 07:57:29 AM,19/07/2021 08:03:35 AM,7,Sí
Sara Osorno,,19/07/2021 07:57:48 AM,19/07/2021 08:03:34 AM,6,Sí
Santiago Bermudez,santiagober11389@gmail.com,19/07/2021 07:58:09 AM,19/07/2021 08:03:33 AM,6,Sí
Jhonatan Pasos,,19/07/2021 07:58:54 AM,19/07/2021 08:03:32 AM,5,Sí
mariana villegas perez,mavillegas2015@gmail.com,19/07/2021 08:00:47 AM,19/07/2021 08:03:31 AM,3,Sí
Johan Chacon,,19/07/2021 08:01:20 AM,19/07/2021 08:03:28 AM,3,Sí
William velez,,19/07/2021 08:03:07 AM,19/07/2021 08:03:31 AM,1,Sí
CES Braiam Escobar,,19/07/2021 08:03:21 AM,19/07/2021 08:03:32 AM,1,Sí
William velez,,19/07/2021 08:03:31 AM,19/07/2021 08:09:30 AM,6,Sí
mariana villegas perez,mavillegas2015@gmail.com,19/07/2021 08:03:31 AM,19/07/2021 09:37:48 AM,95,Sí
CES Braiam Escobar,,19/07/2021 08:03:32 AM,19/07/2021 09:55:00 AM,112,Sí
Maria Paula Suarez,,19/07/2021 08:03:32 AM,19/07/2021 09:36:51 AM,94,Sí
Jhonatan Pasos,,19/07/2021 08:03:32 AM,19/07/2021 09:41:15 AM,98,Sí
Sara Osorno,,19/07/2021 08:03:34 AM,19/07/2021 09:36:59 AM,94,Sí
Santiago Bermudez,santiagober11389@gmail.com,19/07/2021 08:03:34 AM,19/07/2021 09:38:36 AM,96,Sí
cristian bustamante,,19/07/2021 08:03:35 AM,19/07/2021 09:41:29 AM,98,Sí
Johan Chacon,,19/07/2021 08:03:42 AM,19/07/2021 08:04:10 AM,1,Sí
Johan Chacon,,19/07/2021 08:04:10 AM,19/07/2021 08:50:32 AM,47,Sí
Andres Martinez,afms0309@gmail.com,19/07/2021 08:10:22 AM,19/07/2021 08:10:52 AM,1,Sí
Andres Martinez,afms0309@gmail.com,19/07/2021 08:10:53 AM,19/07/2021 09:36:05 AM,86,Sí
Manuela Mizger,mizger.manuela@uces.edu.co,19/07/2021 08:14:32 AM,19/07/2021 08:14:35 AM,1,Sí
Manuela Mizger,mizger.manuela@uces.edu.co,19/07/2021 08:14:36 AM,19/07/2021 08:52:03 AM,38,Sí
Felipe Carmona,,19/07/2021 08:36:16 AM,19/07/2021 08:36:28 AM,1,Sí
Felipe Carmona,,19/07/2021 08:36:28 AM,19/07/2021 09:36:56 AM,61,Sí
Manuela Mizger,mizger.manuela@uces.edu.co,19/07/2021 08:54:08 AM,19/07/2021 08:54:14 AM,1,Sí
Manuela Mizger,mizger.manuela@uces.edu.co,19/07/2021 08:54:14 AM,19/07/2021 09:37:05 AM,43,Sí
Johan Chacón,,19/07/2021 08:57:47 AM,19/07/2021 08:58:06 AM,1,Sí
Johan Chacón,,19/07/2021 08:58:06 AM,19/07/2021 09:41:00 AM,43,Sí
Tomas Ochoa,tomasoji@gmail.com,19/07/2021 09:13:16 AM,19/07/2021 09:13:24 AM,1,Sí
Tomas Ochoa,tomasoji@gmail.com,19/07/2021 09:13:24 AM,19/07/2021 09:36:15 AM,23,Sí
