﻿ID de la reunión,Tema,Hora de inicio,Hora de finalización,E-mail del usuario,Duración (minutos),Participantes,
6573450185,Sala Virtual 85's Personal Meeting Room,19/08/2021 10:01:03 AM,19/08/2021 12:07:20 PM,zooms85@ces.edu.co,127,43,

Nombre (nombre original),E-mail del usuario,Hora para unirse,Hora para salir,Duración (minutos),Invitado,Consentimiento de grabación
Sala Virtual 85,zooms85@ces.edu.co,19/08/2021 10:01:02 AM,19/08/2021 12:08:05 PM,128,No
Sara Osorno,,19/08/2021 10:01:08 AM,19/08/2021 10:01:55 AM,1,Sí
Santiago Bermudez,santiagober11389@gmail.com,19/08/2021 10:01:10 AM,19/08/2021 10:01:52 AM,1,Sí
mariana villegas perez,mavillegas2015@gmail.com,19/08/2021 10:01:10 AM,19/08/2021 10:01:49 AM,1,Sí
Abraham Iriarte,,19/08/2021 10:01:11 AM,19/08/2021 10:01:52 AM,1,Sí
Daniel Acevedo,josedaniel20022014@gmail.com,19/08/2021 10:01:12 AM,19/08/2021 10:01:49 AM,1,Sí
PAULINA FLOREZ G,,19/08/2021 10:01:16 AM,19/08/2021 10:01:50 AM,1,Sí
Isabella Arango,,19/08/2021 10:01:18 AM,19/08/2021 10:01:49 AM,1,Sí
Marcela Aristizábal,aristizabal.marcela@uces.edu.co,19/08/2021 10:01:19 AM,19/08/2021 10:01:47 AM,1,Sí
Nicolle Baños,,19/08/2021 10:01:20 AM,19/08/2021 10:01:50 AM,1,Sí
Sergio Gómez,checholo2031@hotmail.com,19/08/2021 10:01:21 AM,19/08/2021 10:01:51 AM,1,Sí
Andrea Parra,andreapar34@hotmail.com,19/08/2021 10:01:21 AM,19/08/2021 10:01:49 AM,1,Sí
Verónica Obando Builes,,19/08/2021 10:01:21 AM,19/08/2021 10:01:53 AM,1,Sí
Maria Paula Suarez,,19/08/2021 10:01:25 AM,19/08/2021 10:01:49 AM,1,Sí
Santiago Amaya,,19/08/2021 10:01:27 AM,19/08/2021 10:01:49 AM,1,Sí
Jhonatan Pasos,,19/08/2021 10:01:27 AM,19/08/2021 10:01:55 AM,1,Sí
Daniela Zabaleta,danielazabe@hotmail.com,19/08/2021 10:01:31 AM,19/08/2021 10:01:50 AM,1,Sí
Andres Martinez,afms0309@gmail.com,19/08/2021 10:01:34 AM,19/08/2021 10:01:49 AM,1,Sí
Alejandra Rojas,,19/08/2021 10:01:36 AM,19/08/2021 10:01:46 AM,1,Sí
Felipe Carmona,,19/08/2021 10:01:39 AM,19/08/2021 10:01:46 AM,1,Sí
Geronimo Buitrago,,19/08/2021 10:01:40 AM,19/08/2021 10:01:48 AM,1,Sí
Felipe Carmona,,19/08/2021 10:01:47 AM,19/08/2021 10:25:42 AM,24,Sí,Y
Alejandra Rojas,,19/08/2021 10:01:47 AM,19/08/2021 11:46:51 AM,106,Sí,Y
Sara Nieto,saris20038@gmail.com,19/08/2021 10:01:47 AM,19/08/2021 10:02:09 AM,1,Sí
Marcela Aristizábal,aristizabal.marcela@uces.edu.co,19/08/2021 10:01:47 AM,19/08/2021 11:46:49 AM,106,Sí,Y
Geronimo Buitrago,,19/08/2021 10:01:48 AM,19/08/2021 11:46:32 AM,105,Sí,Y
Isabella Arango,,19/08/2021 10:01:49 AM,19/08/2021 11:46:47 AM,105,Sí,Y
Daniel Acevedo,josedaniel20022014@gmail.com,19/08/2021 10:01:49 AM,19/08/2021 11:46:47 AM,105,Sí,Y
Maria Paula Suarez,,19/08/2021 10:01:49 AM,19/08/2021 11:46:51 AM,106,Sí,Y
Andrea Parra,andreapar34@hotmail.com,19/08/2021 10:01:49 AM,19/08/2021 11:46:48 AM,105,Sí,Y
Daniela Zabaleta,danielazabe@hotmail.com,19/08/2021 10:01:50 AM,19/08/2021 11:46:50 AM,105,Sí,Y
Andres Martinez,afms0309@gmail.com,19/08/2021 10:01:50 AM,19/08/2021 11:46:48 AM,105,Sí,Y
Nicolle Baños,,19/08/2021 10:01:50 AM,19/08/2021 11:46:46 AM,105,Sí,Y
mariana villegas perez,mavillegas2015@gmail.com,19/08/2021 10:01:50 AM,19/08/2021 11:46:47 AM,105,Sí,Y
Santiago Amaya,,19/08/2021 10:01:50 AM,19/08/2021 11:46:33 AM,105,Sí,Y
PAULINA FLOREZ G,,19/08/2021 10:01:51 AM,19/08/2021 11:30:43 AM,89,Sí,Y
Miguel zuleta,,19/08/2021 10:01:51 AM,19/08/2021 10:02:08 AM,1,Sí
Sergio Gómez,checholo2031@hotmail.com,19/08/2021 10:01:51 AM,19/08/2021 11:46:50 AM,105,Sí,Y
Santiago Bermudez,santiagober11389@gmail.com,19/08/2021 10:01:52 AM,19/08/2021 11:46:49 AM,105,Sí,Y
Abraham Iriarte,,19/08/2021 10:01:52 AM,19/08/2021 11:46:33 AM,105,Sí,Y
Verónica Obando Builes,,19/08/2021 10:01:54 AM,19/08/2021 11:46:51 AM,105,Sí,Y
Sara Osorno,,19/08/2021 10:01:55 AM,19/08/2021 11:22:46 AM,81,Sí,Y
Cristian Bustamante,,19/08/2021 10:02:04 AM,19/08/2021 10:02:39 AM,1,Sí
Miguel zuleta,,19/08/2021 10:02:09 AM,19/08/2021 10:22:01 AM,20,Sí,Y
Sara Nieto,saris20038@gmail.com,19/08/2021 10:02:10 AM,19/08/2021 11:46:47 AM,105,Sí,Y
Cristian Bustamante,,19/08/2021 10:02:39 AM,19/08/2021 11:48:04 AM,106,Sí,Y
Samuel Garcia,,19/08/2021 10:02:42 AM,19/08/2021 10:02:47 AM,1,Sí
Samuel Garcia,,19/08/2021 10:02:48 AM,19/08/2021 11:46:50 AM,105,Sí,Y
Duvan Duque,,19/08/2021 10:03:06 AM,19/08/2021 10:03:30 AM,1,Sí
Angel Muñoz,,19/08/2021 10:03:19 AM,19/08/2021 10:03:29 AM,1,Sí
Angel Muñoz,,19/08/2021 10:03:30 AM,19/08/2021 10:29:20 AM,26,Sí,Y
Duvan Duque,,19/08/2021 10:03:31 AM,19/08/2021 11:46:43 AM,104,Sí,Y
cristian bustamante,,19/08/2021 10:04:06 AM,19/08/2021 10:04:29 AM,1,Sí
cristian bustamante,,19/08/2021 10:04:30 AM,19/08/2021 10:06:18 AM,2,Sí,Y
Manuela Mizger,mizger.manuela@uces.edu.co,19/08/2021 10:04:56 AM,19/08/2021 10:05:00 AM,1,Sí
Manuela Mizger,mizger.manuela@uces.edu.co,19/08/2021 10:05:01 AM,19/08/2021 10:59:42 AM,55,Sí,Y
william velez mesa,williamvlz1999@gmail.com,19/08/2021 10:05:36 AM,19/08/2021 10:05:42 AM,1,Sí
william velez mesa,williamvlz1999@gmail.com,19/08/2021 10:05:43 AM,19/08/2021 10:42:07 AM,37,Sí,Y
Tomas Ochoa,tomasoji@gmail.com,19/08/2021 10:06:13 AM,19/08/2021 10:06:24 AM,1,Sí
Tomas Ochoa,tomasoji@gmail.com,19/08/2021 10:06:24 AM,19/08/2021 11:46:48 AM,101,Sí,Y
Paulina Orozco,paulina.orozco2000@gmail.com,19/08/2021 10:19:26 AM,19/08/2021 10:19:34 AM,1,Sí
Paulina Orozco,paulina.orozco2000@gmail.com,19/08/2021 10:19:34 AM,19/08/2021 11:38:07 AM,79,Sí,Y
Miguel zuleta,,19/08/2021 10:22:25 AM,19/08/2021 10:25:13 AM,3,Sí
Jhon Diego Gomez Cifuentes,,19/08/2021 10:23:36 AM,19/08/2021 10:23:41 AM,1,Sí
Jhon Diego Gomez Cifuentes,,19/08/2021 10:23:42 AM,19/08/2021 11:46:42 AM,83,Sí,Y
Ángel Muñoz,,19/08/2021 10:29:07 AM,19/08/2021 10:29:12 AM,1,Sí
Ángel Muñoz,,19/08/2021 10:29:12 AM,19/08/2021 11:46:34 AM,78,Sí,Y
Johan Chacon,,19/08/2021 10:30:24 AM,19/08/2021 10:30:30 AM,1,Sí
Johan Chacon,,19/08/2021 10:30:31 AM,19/08/2021 12:07:17 PM,97,Sí,Y
Santiago Díaz,diaz.santiago@uces.edu.co,19/08/2021 10:32:08 AM,19/08/2021 10:32:22 AM,1,Sí
Santiago Díaz,diaz.santiago@uces.edu.co,19/08/2021 10:32:22 AM,19/08/2021 11:46:48 AM,75,Sí,Y
Felipe Carmona,,19/08/2021 10:38:27 AM,19/08/2021 10:38:32 AM,1,Sí
Felipe Carmona,,19/08/2021 10:38:32 AM,19/08/2021 11:08:58 AM,31,Sí,Y
Felipe Carmona,,19/08/2021 11:10:56 AM,19/08/2021 11:11:01 AM,1,Sí
Felipe Carmona,,19/08/2021 11:11:01 AM,19/08/2021 11:14:49 AM,4,Sí,Y
Izavella Valencia,valencia.izavella@uces.edu.co,19/08/2021 11:17:23 AM,19/08/2021 11:17:29 AM,1,Sí
Izavella Valencia,valencia.izavella@uces.edu.co,19/08/2021 11:17:29 AM,19/08/2021 11:46:49 AM,30,Sí,Y
Felipe Carmona,,19/08/2021 11:26:34 AM,19/08/2021 11:26:40 AM,1,Sí
Felipe Carmona,,19/08/2021 11:26:41 AM,19/08/2021 11:46:45 AM,21,Sí,Y
cristian bustamante,,19/08/2021 11:44:07 AM,19/08/2021 11:44:42 AM,1,Sí
cristian bustamante,,19/08/2021 11:44:42 AM,19/08/2021 11:48:08 AM,4,Sí,Y
Jhonatan Pasos,,19/08/2021 10:01:56 AM,19/08/2021 11:46:34 AM,105,Sí,Y
Miguel zuleta,,19/08/2021 10:25:34 AM,19/08/2021 11:46:47 AM,82,Sí
