﻿ID de la reunión,Tema,Hora de inicio,Hora de finalización,E-mail del usuario,Duración (minutos),Participantes,
6573450185,Sala Virtual 85's Personal Meeting Room,12/07/2021 07:55:55 AM,12/07/2021 09:51:32 AM,zooms85@ces.edu.co,116,41,

Nombre (nombre original),E-mail del usuario,Hora para unirse,Hora para salir,Duración (minutos),Invitado,Consentimiento de grabación
Sala Virtual 85,zooms85@ces.edu.co,12/07/2021 07:55:55 AM,12/07/2021 09:51:32 AM,116,No
Alejandra Rojas,,12/07/2021 07:56:01 AM,12/07/2021 08:00:10 AM,5,Sí
Tomas Ochoa,tomasoji@gmail.com,12/07/2021 07:56:17 AM,12/07/2021 08:00:12 AM,4,Sí
Santiago Bermudez,santiagober11389@gmail.com,12/07/2021 07:56:17 AM,12/07/2021 08:00:12 AM,4,Sí
Andrea Parra,andreapar34@hotmail.com,12/07/2021 07:56:18 AM,12/07/2021 08:00:10 AM,4,Sí
Marcela Aristizábal,aristizabal.marcela@uces.edu.co,12/07/2021 07:56:19 AM,12/07/2021 08:00:09 AM,4,Sí
mariana villegas perez,mavillegas2015@gmail.com,12/07/2021 07:56:21 AM,12/07/2021 08:00:11 AM,4,Sí
Nicolle Baños,,12/07/2021 07:56:22 AM,12/07/2021 08:00:10 AM,4,Sí
Johan Chacon,,12/07/2021 07:56:25 AM,12/07/2021 08:00:11 AM,4,Sí
Maria Paula Suarez,,12/07/2021 07:56:35 AM,12/07/2021 07:57:54 AM,2,Sí
Isabella Arango,,12/07/2021 07:56:39 AM,12/07/2021 08:00:10 AM,4,Sí
Jhon Diego Gomez Cifuentes,,12/07/2021 07:57:00 AM,12/07/2021 07:57:11 AM,1,Sí
María José Franco,mariajfranco.c@gmail.com,12/07/2021 07:57:08 AM,12/07/2021 08:00:31 AM,4,Sí
geronimo buitrago,gerobuitrago123@gmail.com,12/07/2021 07:58:11 AM,12/07/2021 08:00:09 AM,2,Sí
Sara Osorno,,12/07/2021 07:58:12 AM,12/07/2021 08:00:11 AM,2,Sí
Maria Paula Suarez,,12/07/2021 07:58:31 AM,12/07/2021 08:00:12 AM,2,Sí
Daniel Acevedo,josedaniel20022014@gmail.com,12/07/2021 07:58:42 AM,12/07/2021 08:00:11 AM,2,Sí
Verónica Obando Builes,,12/07/2021 07:59:18 AM,12/07/2021 08:00:14 AM,1,Sí
Paulina Orozco,,12/07/2021 07:59:23 AM,12/07/2021 08:00:15 AM,1,Sí
Santiago Díaz,diaz.santiago@uces.edu.co,12/07/2021 07:59:28 AM,12/07/2021 08:00:10 AM,1,Sí
PAULINA FLOREZ G,,12/07/2021 07:59:57 AM,12/07/2021 08:00:09 AM,1,Sí
cristian bustamante,,12/07/2021 07:59:59 AM,12/07/2021 08:00:27 AM,1,Sí
Daniela Zabaleta,danielazabe@hotmail.com,12/07/2021 08:00:03 AM,12/07/2021 08:00:10 AM,1,Sí
geronimo buitrago,gerobuitrago123@gmail.com,12/07/2021 08:00:10 AM,12/07/2021 09:40:56 AM,101,Sí,Y
PAULINA FLOREZ G,,12/07/2021 08:00:10 AM,12/07/2021 09:40:58 AM,101,Sí,Y
Marcela Aristizábal,aristizabal.marcela@uces.edu.co,12/07/2021 08:00:10 AM,12/07/2021 09:23:30 AM,84,Sí,Y
Daniela Zabaleta,danielazabe@hotmail.com,12/07/2021 08:00:10 AM,12/07/2021 09:40:57 AM,101,Sí,Y
Santiago Díaz,diaz.santiago@uces.edu.co,12/07/2021 08:00:11 AM,12/07/2021 09:41:16 AM,102,Sí,Y
Alejandra Rojas,,12/07/2021 08:00:11 AM,12/07/2021 09:46:13 AM,107,Sí,Y
Nicolle Baños,,12/07/2021 08:00:11 AM,12/07/2021 09:40:59 AM,101,Sí,Y
Isabella Arango,,12/07/2021 08:00:11 AM,12/07/2021 09:41:08 AM,101,Sí,Y
Andrea Parra,andreapar34@hotmail.com,12/07/2021 08:00:11 AM,12/07/2021 09:40:59 AM,101,Sí,Y
Sara Osorno,,12/07/2021 08:00:12 AM,12/07/2021 09:40:58 AM,101,Sí,Y
Daniel Acevedo,josedaniel20022014@gmail.com,12/07/2021 08:00:12 AM,12/07/2021 08:24:02 AM,24,Sí,Y
Maria Paula Suarez,,12/07/2021 08:00:12 AM,12/07/2021 09:40:59 AM,101,Sí,Y
Santiago Bermudez,santiagober11389@gmail.com,12/07/2021 08:00:12 AM,12/07/2021 09:41:00 AM,101,Sí,Y
mariana villegas perez,mavillegas2015@gmail.com,12/07/2021 08:00:12 AM,12/07/2021 09:40:56 AM,101,Sí,Y
Johan Chacon,,12/07/2021 08:00:12 AM,12/07/2021 09:40:59 AM,101,Sí,Y
Tomas Ochoa,tomasoji@gmail.com,12/07/2021 08:00:12 AM,12/07/2021 09:40:59 AM,101,Sí,Y
Verónica Obando Builes,,12/07/2021 08:00:14 AM,12/07/2021 09:40:55 AM,101,Sí,Y
Paulina Orozco,,12/07/2021 08:00:15 AM,12/07/2021 09:40:56 AM,101,Sí,Y
William velez,,12/07/2021 08:00:21 AM,12/07/2021 08:00:29 AM,1,Sí
William velez,,12/07/2021 08:00:30 AM,12/07/2021 08:04:48 AM,5,Sí,Y
María José Franco,mariajfranco.c@gmail.com,12/07/2021 08:00:31 AM,12/07/2021 09:51:28 AM,111,Sí,Y
Felipe Carmona,,12/07/2021 08:00:41 AM,12/07/2021 08:00:47 AM,1,Sí
Felipe Carmona,,12/07/2021 08:00:48 AM,12/07/2021 08:39:29 AM,39,Sí,Y
Sara Nieto,saris20038@gmail.com,12/07/2021 08:00:54 AM,12/07/2021 08:01:10 AM,1,Sí
Miguel Zuleta,,12/07/2021 08:01:02 AM,12/07/2021 08:01:09 AM,1,Sí
Andres Martinez,afms0309@gmail.com,12/07/2021 08:01:07 AM,12/07/2021 08:01:17 AM,1,Sí
Miguel Zuleta,,12/07/2021 08:01:10 AM,12/07/2021 09:40:58 AM,100,Sí,Y
Sara Nieto,saris20038@gmail.com,12/07/2021 08:01:11 AM,12/07/2021 09:41:00 AM,100,Sí,Y
Jhon Diego Gomez Cifuentes,,12/07/2021 08:01:11 AM,12/07/2021 08:01:28 AM,1,Sí
Andres Martinez,afms0309@gmail.com,12/07/2021 08:01:18 AM,12/07/2021 09:47:31 AM,107,Sí,Y
Duvan Duque,,12/07/2021 08:01:27 AM,12/07/2021 08:01:43 AM,1,Sí
Jhon Diego Gomez Cifuentes,,12/07/2021 08:01:29 AM,12/07/2021 09:40:52 AM,100,Sí,Y
Santiago Amaya,,12/07/2021 08:01:31 AM,12/07/2021 08:01:44 AM,1,Sí
Duvan Duque,,12/07/2021 08:01:43 AM,12/07/2021 09:51:29 AM,110,Sí,Y
Santiago Amaya,,12/07/2021 08:01:44 AM,12/07/2021 09:41:04 AM,100,Sí,Y
Samuel Garcia,,12/07/2021 08:02:11 AM,12/07/2021 08:02:15 AM,1,Sí
Samuel Garcia,,12/07/2021 08:02:16 AM,12/07/2021 09:40:56 AM,99,Sí,Y
Abraham Iriarte,,12/07/2021 08:04:09 AM,12/07/2021 08:04:18 AM,1,Sí
Abraham Iriarte,,12/07/2021 08:04:19 AM,12/07/2021 09:40:56 AM,97,Sí,Y
Sergio Gómez,,12/07/2021 08:04:23 AM,12/07/2021 08:04:37 AM,1,Sí
Sergio Gómez,,12/07/2021 08:04:37 AM,12/07/2021 09:40:58 AM,97,Sí,Y
william velez mesa,williamvlz1999@gmail.com,12/07/2021 08:04:44 AM,12/07/2021 08:04:52 AM,1,Sí
william velez mesa,williamvlz1999@gmail.com,12/07/2021 08:04:52 AM,12/07/2021 09:40:55 AM,97,Sí,Y
Izavella Valencia,valencia.izavella@uces.edu.co,12/07/2021 08:09:06 AM,12/07/2021 08:09:14 AM,1,Sí
Izavella Valencia,valencia.izavella@uces.edu.co,12/07/2021 08:09:14 AM,12/07/2021 09:41:00 AM,92,Sí,Y
Daniel Acevedo,josedaniel20022014@gmail.com,12/07/2021 08:25:47 AM,12/07/2021 08:25:54 AM,1,Sí
Daniel Acevedo,josedaniel20022014@gmail.com,12/07/2021 08:25:55 AM,12/07/2021 09:40:57 AM,76,Sí,Y
Felipe Carmona,felipecarmonar25@gmail.com,12/07/2021 08:41:01 AM,12/07/2021 08:41:05 AM,1,Sí
Felipe Carmona,felipecarmonar25@gmail.com,12/07/2021 08:41:05 AM,12/07/2021 09:21:33 AM,41,Sí,Y
Manuela Mizger,mizger.manuela@uces.edu.co,12/07/2021 08:41:39 AM,12/07/2021 08:41:45 AM,1,Sí
Manuela Mizger,mizger.manuela@uces.edu.co,12/07/2021 08:41:46 AM,12/07/2021 08:51:15 AM,10,Sí,Y
Felipe Carmona,,12/07/2021 09:25:24 AM,12/07/2021 09:25:28 AM,1,Sí
Felipe Carmona,,12/07/2021 09:25:29 AM,12/07/2021 09:40:55 AM,16,Sí,Y
cristian bustamante,,12/07/2021 08:00:27 AM,12/07/2021 09:40:59 AM,101,Sí,Y
Manuela Mizger,mizger.manuela@uces.edu.co,12/07/2021 08:51:17 AM,12/07/2021 09:03:17 AM,12,Sí
Manuela Mizger,mizger.manuela@uces.edu.co,12/07/2021 09:03:18 AM,12/07/2021 09:40:54 AM,38,Sí
Marcela Aristizábal,aristizabal.marcela@uces.edu.co,12/07/2021 09:23:31 AM,12/07/2021 09:42:41 AM,20,Sí
