﻿ID de la reunión,Tema,Hora de inicio,Hora de finalización,E-mail del usuario,Duración (minutos),Participantes,
6573450185,Sala Virtual 85's Personal Meeting Room,09/08/2021 07:58:20 AM,09/08/2021 09:42:29 AM,zooms85@ces.edu.co,105,14,

Nombre (nombre original),E-mail del usuario,Hora para unirse,Hora para salir,Duración (minutos),Invitado,Consentimiento de grabación
Sala Virtual 85,zooms85@ces.edu.co,09/08/2021 07:58:20 AM,09/08/2021 09:43:15 AM,105,No
cristian bustamante,,09/08/2021 07:58:40 AM,09/08/2021 08:02:26 AM,4,Sí
Sala Virtual 115,zooms115@ces.edu.co,09/08/2021 07:59:25 AM,09/08/2021 07:59:38 AM,1,No
Sala Virtual 115,zooms115@ces.edu.co,09/08/2021 07:59:38 AM,09/08/2021 09:42:29 AM,103,No,Y
Duvan Duque,,09/08/2021 08:00:09 AM,09/08/2021 08:00:40 AM,1,Sí
Duvan Duque,,09/08/2021 08:00:41 AM,09/08/2021 08:02:20 AM,2,Sí
William velez,,09/08/2021 08:01:28 AM,09/08/2021 08:02:18 AM,1,Sí
William velez,,09/08/2021 08:02:18 AM,09/08/2021 09:41:19 AM,100,Sí,Y
Duvan Duque,,09/08/2021 08:02:20 AM,09/08/2021 09:41:20 AM,99,Sí,Y
cristian bustamante,,09/08/2021 08:02:27 AM,09/08/2021 09:42:14 AM,100,Sí,Y
Sara Osorno,,09/08/2021 08:02:57 AM,09/08/2021 08:04:09 AM,2,Sí
Johan Chacon,,09/08/2021 08:03:45 AM,09/08/2021 08:04:07 AM,1,Sí
Santiago Bermudez,santiagober11389@gmail.com,09/08/2021 08:03:52 AM,09/08/2021 08:04:05 AM,1,Sí
Santiago Bermudez,santiagober11389@gmail.com,09/08/2021 08:04:06 AM,09/08/2021 08:50:26 AM,47,Sí,Y
Johan Chacon,,09/08/2021 08:04:08 AM,09/08/2021 09:41:27 AM,98,Sí,Y
Sara Osorno,,09/08/2021 08:04:09 AM,09/08/2021 09:41:20 AM,98,Sí,Y
Andres Martinez,,09/08/2021 08:09:18 AM,09/08/2021 08:09:22 AM,1,Sí
Daniel Acevedo,josedaniel20022014@gmail.com,09/08/2021 08:09:21 AM,09/08/2021 08:09:31 AM,1,Sí
Andres Martinez,,09/08/2021 08:09:22 AM,09/08/2021 09:20:39 AM,72,Sí,Y
Daniel Acevedo,josedaniel20022014@gmail.com,09/08/2021 08:09:32 AM,09/08/2021 09:40:42 AM,92,Sí,Y
Samuel Garcia,,09/08/2021 08:21:33 AM,09/08/2021 08:21:36 AM,1,Sí
Samuel Garcia,,09/08/2021 08:21:37 AM,09/08/2021 09:41:20 AM,80,Sí,Y
Ángel Muñoz,,09/08/2021 08:38:27 AM,09/08/2021 08:38:35 AM,1,Sí
Ángel Muñoz,,09/08/2021 08:38:36 AM,09/08/2021 09:42:29 AM,64,Sí,Y
Santiago Bermudez,santiagober11389@gmail.com,09/08/2021 08:56:55 AM,09/08/2021 08:57:01 AM,1,Sí
Santiago Bermudez,santiagober11389@gmail.com,09/08/2021 08:57:02 AM,09/08/2021 09:14:53 AM,18,Sí
Andres Martinez,,09/08/2021 09:22:45 AM,09/08/2021 09:22:57 AM,1,Sí
Andres Martinez,,09/08/2021 09:22:58 AM,09/08/2021 09:41:18 AM,19,Sí,Y
