﻿ID de la reunión,Tema,Hora de inicio,Hora de finalización,E-mail del usuario,Duración (minutos),Participantes,
6573450185,Sala Virtual 85's Personal Meeting Room,06/09/2021 08:01:14 AM,06/09/2021 10:21:20 AM,zooms85@ces.edu.co,141,23,

Nombre (nombre original),E-mail del usuario,Hora para unirse,Hora para salir,Duración (minutos),Invitado,Consentimiento de grabación
Sala Virtual 85,zooms85@ces.edu.co,06/09/2021 08:01:14 AM,06/09/2021 09:47:39 AM,107,No
Santiago Bermudez,santiagober11389@gmail.com,06/09/2021 08:01:19 AM,06/09/2021 08:02:55 AM,2,Sí
cristian bustamante,,06/09/2021 08:01:28 AM,06/09/2021 08:02:57 AM,2,Sí
Alejandra Rojas,,06/09/2021 08:01:38 AM,06/09/2021 08:02:53 AM,2,Sí
william velez mesa,,06/09/2021 08:01:39 AM,06/09/2021 08:01:43 AM,1,Sí
Salud Familiar,,06/09/2021 08:02:10 AM,06/09/2021 08:02:26 AM,1,Sí
william velez mesa,,06/09/2021 08:02:11 AM,06/09/2021 08:02:52 AM,1,Sí
Salud Familiar,,06/09/2021 08:02:27 AM,06/09/2021 09:48:33 AM,107,Sí
william velez mesa,,06/09/2021 08:02:53 AM,06/09/2021 08:24:34 AM,22,Sí,Y
Alejandra Rojas,,06/09/2021 08:02:53 AM,06/09/2021 09:47:03 AM,105,Sí,Y
Andres Martinez,,06/09/2021 08:02:54 AM,06/09/2021 08:03:04 AM,1,Sí
Santiago Bermudez,santiagober11389@gmail.com,06/09/2021 08:02:56 AM,06/09/2021 09:46:23 AM,104,Sí,Y
cristian bustamante,,06/09/2021 08:02:58 AM,06/09/2021 09:42:25 AM,100,Sí,Y
Andres Martinez,,06/09/2021 08:03:04 AM,06/09/2021 09:06:02 AM,63,Sí,Y
Paulina Orozco,paulina.orozco2000@gmail.com,06/09/2021 08:03:54 AM,06/09/2021 09:46:14 AM,103,Sí,Y
Johan Chacón,,06/09/2021 08:03:56 AM,06/09/2021 08:04:20 AM,1,Sí
Johan Chacón,,06/09/2021 08:04:20 AM,06/09/2021 08:51:51 AM,48,Sí,Y
María José Franco,mariajfranco.c@gmail.com,06/09/2021 08:06:10 AM,06/09/2021 08:07:26 AM,2,Sí
María José Franco,mariajfranco.c@gmail.com,06/09/2021 08:07:26 AM,06/09/2021 09:38:16 AM,91,Sí,Y
mariana villegas perez,mavillegas2015@gmail.com,06/09/2021 08:10:16 AM,06/09/2021 08:11:08 AM,1,Sí
Santiago Díaz,diaz.santiago@uces.edu.co,06/09/2021 08:10:19 AM,06/09/2021 08:11:07 AM,1,Sí
Tomas Ochoa,tomasoji@gmail.com,06/09/2021 08:10:34 AM,06/09/2021 08:11:07 AM,1,Sí
Tomas Ochoa,tomasoji@gmail.com,06/09/2021 08:11:07 AM,06/09/2021 09:47:14 AM,97,Sí,Y
Santiago Díaz,diaz.santiago@uces.edu.co,06/09/2021 08:11:08 AM,06/09/2021 09:42:30 AM,92,Sí,Y
mariana villegas perez,mavillegas2015@gmail.com,06/09/2021 08:11:09 AM,06/09/2021 09:38:58 AM,88,Sí,Y
Geronimo Buitrago,,06/09/2021 08:11:15 AM,06/09/2021 08:11:44 AM,1,Sí
Daniel Acevedo,josedaniel20022014@gmail.com,06/09/2021 08:11:19 AM,06/09/2021 08:11:50 AM,1,Sí
Geronimo Buitrago,,06/09/2021 08:11:45 AM,06/09/2021 09:16:37 AM,65,Sí,Y
Daniel Acevedo,josedaniel20022014@gmail.com,06/09/2021 08:11:51 AM,06/09/2021 09:44:37 AM,93,Sí,Y
Samuel Garcia,,06/09/2021 08:12:49 AM,06/09/2021 08:12:54 AM,1,Sí
Samuel Garcia,,06/09/2021 08:12:54 AM,06/09/2021 09:46:17 AM,94,Sí,Y
Felipe Carmona,,06/09/2021 08:19:09 AM,06/09/2021 08:19:20 AM,1,Sí
Felipe Carmona,,06/09/2021 08:19:20 AM,06/09/2021 08:19:56 AM,1,Sí,Y
Miguel Zuleta,,06/09/2021 08:27:28 AM,06/09/2021 08:27:35 AM,1,Sí
Miguel Zuleta,,06/09/2021 08:27:35 AM,06/09/2021 10:19:19 AM,112,Sí,Y
Sara Nieto,saris20038@gmail.com,06/09/2021 08:41:58 AM,06/09/2021 08:42:18 AM,1,Sí
Johan Chacon,,06/09/2021 08:50:42 AM,06/09/2021 08:51:52 AM,2,Sí
Johan Chacon,,06/09/2021 08:51:53 AM,06/09/2021 09:46:42 AM,55,Sí,Y
Andres Martinez,,06/09/2021 09:07:34 AM,06/09/2021 09:07:46 AM,1,Sí
Andres Martinez,,06/09/2021 09:07:46 AM,06/09/2021 09:49:05 AM,42,Sí,Y
Andrea Parra,andreapar34@hotmail.com,06/09/2021 09:27:30 AM,06/09/2021 09:27:40 AM,1,Sí
Andrea Parra,andreapar34@hotmail.com,06/09/2021 09:27:40 AM,06/09/2021 09:44:57 AM,18,Sí,Y
Paulina Orozco,paulina.orozco2000@gmail.com,06/09/2021 08:03:39 AM,06/09/2021 08:03:54 AM,1,Sí
Sara Nieto,saris20038@gmail.com,06/09/2021 08:42:19 AM,06/09/2021 09:49:17 AM,67,Sí,Y
