﻿ID de la reunión,Tema,Hora de inicio,Hora de finalización,E-mail del usuario,Duración (minutos),Participantes,
6573450185,Sala Virtual 85's Personal Meeting Room,30/08/2021 07:57:21 AM,30/08/2021 09:56:56 AM,zooms85@ces.edu.co,120,26,

Nombre (nombre original),E-mail del usuario,Hora para unirse,Hora para salir,Duración (minutos),Invitado,Consentimiento de grabación
Sala Virtual 85,zooms85@ces.edu.co,30/08/2021 07:57:21 AM,30/08/2021 09:56:55 AM,120,No,Y
Ángel Muñoz,,30/08/2021 07:59:16 AM,30/08/2021 08:00:28 AM,2,Sí
CES Braiam Escobar,,30/08/2021 08:00:26 AM,30/08/2021 08:00:36 AM,1,Sí
Ángel Muñoz,,30/08/2021 08:00:28 AM,30/08/2021 09:42:03 AM,102,Sí,Y
CES Braiam Escobar,,30/08/2021 08:00:36 AM,30/08/2021 09:57:43 AM,118,Sí
cristian bustamante,,30/08/2021 08:01:25 AM,30/08/2021 08:01:36 AM,1,Sí
cristian bustamante,,30/08/2021 08:01:37 AM,30/08/2021 09:39:12 AM,98,Sí,Y
Sergio Gómez,checholo2031@hotmail.com,30/08/2021 08:02:35 AM,30/08/2021 08:02:58 AM,1,Sí
Johan Chacon,,30/08/2021 08:02:49 AM,30/08/2021 08:03:08 AM,1,Sí
William velez,,30/08/2021 08:02:52 AM,30/08/2021 08:03:09 AM,1,Sí
Santiago Bermudez,,30/08/2021 08:02:58 AM,30/08/2021 08:03:12 AM,1,Sí
Sergio Gómez,checholo2031@hotmail.com,30/08/2021 08:02:58 AM,30/08/2021 09:39:00 AM,97,Sí,Y
Johan Chacon,,30/08/2021 08:03:08 AM,30/08/2021 08:17:30 AM,15,Sí
William velez,,30/08/2021 08:03:09 AM,30/08/2021 09:06:38 AM,64,Sí,Y
Santiago Bermudez,,30/08/2021 08:03:12 AM,30/08/2021 09:39:18 AM,97,Sí,Y
Paulina Orozco,paulina.orozco2000@gmail.com,30/08/2021 08:03:21 AM,30/08/2021 08:03:33 AM,1,Sí
Paulina Orozco,paulina.orozco2000@gmail.com,30/08/2021 08:03:33 AM,30/08/2021 09:41:47 AM,99,Sí,Y
Felipe Carmona,,30/08/2021 08:03:55 AM,30/08/2021 08:04:01 AM,1,Sí
Felipe Carmona,,30/08/2021 08:04:01 AM,30/08/2021 09:40:57 AM,97,Sí,Y
Sara Osorno,,30/08/2021 08:04:47 AM,30/08/2021 08:05:19 AM,1,Sí
Sara Osorno,,30/08/2021 08:05:20 AM,30/08/2021 09:39:18 AM,94,Sí,Y
Andres Martinez,,30/08/2021 08:05:28 AM,30/08/2021 08:05:36 AM,1,Sí
Andres Martinez,,30/08/2021 08:05:37 AM,30/08/2021 09:16:49 AM,72,Sí,Y
Daniel Acevedo,josedaniel20022014@gmail.com,30/08/2021 08:09:38 AM,30/08/2021 08:09:58 AM,1,Sí
Daniel Acevedo,josedaniel20022014@gmail.com,30/08/2021 08:09:58 AM,30/08/2021 09:45:35 AM,96,Sí,Y
María José Franco,,30/08/2021 08:10:59 AM,30/08/2021 08:11:18 AM,1,Sí
María José Franco,,30/08/2021 08:11:19 AM,30/08/2021 09:54:22 AM,104,Sí,Y
Izavella Valencia,valencia.izavella@uces.edu.co,30/08/2021 08:12:29 AM,30/08/2021 08:15:12 AM,3,Sí
Santiago Amaya,,30/08/2021 08:13:03 AM,30/08/2021 08:15:11 AM,3,Sí
Santiago Díaz,diaz.santiago@uces.edu.co,30/08/2021 08:13:46 AM,30/08/2021 08:15:09 AM,2,Sí
Santiago Díaz,diaz.santiago@uces.edu.co,30/08/2021 08:15:09 AM,30/08/2021 09:45:42 AM,91,Sí,Y
Santiago Amaya,,30/08/2021 08:15:11 AM,30/08/2021 09:41:31 AM,87,Sí,Y
Izavella Valencia,valencia.izavella@uces.edu.co,30/08/2021 08:15:12 AM,30/08/2021 09:45:02 AM,90,Sí,Y
Johan Chacon,,30/08/2021 08:17:05 AM,30/08/2021 08:17:11 AM,1,Sí
Johan Chacon,,30/08/2021 08:17:12 AM,30/08/2021 09:39:22 AM,83,Sí,Y
Tomas Ochoa,tomasoji@gmail.com,30/08/2021 08:19:26 AM,30/08/2021 08:19:36 AM,1,Sí
Tomas Ochoa,tomasoji@gmail.com,30/08/2021 08:19:37 AM,30/08/2021 09:50:31 AM,91,Sí,Y
Manuela Mizger,,30/08/2021 08:23:34 AM,30/08/2021 08:23:52 AM,1,Sí
Manuela Mizger,,30/08/2021 08:23:53 AM,30/08/2021 09:36:20 AM,73,Sí,Y
Geronimo Buitrago,,30/08/2021 08:27:04 AM,30/08/2021 08:27:10 AM,1,Sí
Geronimo Buitrago,,30/08/2021 08:27:10 AM,30/08/2021 09:42:09 AM,75,Sí,Y
Samuel Garcia,,30/08/2021 08:29:32 AM,30/08/2021 08:29:39 AM,1,Sí
Samuel Garcia,,30/08/2021 08:29:40 AM,30/08/2021 08:41:22 AM,12,Sí,Y
mariana villegas perez,mavillegas2015@gmail.com,30/08/2021 08:31:05 AM,30/08/2021 08:31:12 AM,1,Sí
mariana villegas perez,mavillegas2015@gmail.com,30/08/2021 08:31:12 AM,30/08/2021 09:39:17 AM,69,Sí,Y
Maria Paula Suarez,,30/08/2021 08:38:33 AM,30/08/2021 08:38:42 AM,1,Sí
Maria Paula Suarez,,30/08/2021 08:38:42 AM,30/08/2021 09:20:04 AM,42,Sí,Y
William velez,,30/08/2021 09:06:38 AM,30/08/2021 09:16:41 AM,11,Sí
Isabella Arango,,30/08/2021 09:25:05 AM,30/08/2021 09:25:11 AM,1,Sí
Isabella Arango,,30/08/2021 09:25:11 AM,30/08/2021 09:45:46 AM,21,Sí,Y
Andres Martinez,,30/08/2021 09:29:31 AM,30/08/2021 09:29:38 AM,1,Sí
Andres Martinez,,30/08/2021 09:29:39 AM,30/08/2021 09:39:13 AM,10,Sí,Y
