﻿ID de la reunión,Tema,Hora de inicio,Hora de finalización,E-mail del usuario,Duración (minutos),Participantes,
6573450185,Sala Virtual 85's Personal Meeting Room,22/07/2021 09:58:32 AM,22/07/2021 11:30:45 AM,zooms85@ces.edu.co,93,45,

Nombre (nombre original),E-mail del usuario,Hora para unirse,Hora para salir,Duración (minutos),Invitado,Consentimiento de grabación
Sala Virtual 85,zooms85@ces.edu.co,22/07/2021 09:58:32 AM,22/07/2021 11:30:45 AM,93,No
Santiago Bermudez,santiagober11389@gmail.com,22/07/2021 09:58:36 AM,22/07/2021 10:00:20 AM,2,Sí
Daniela Zabaleta,danielazabe@hotmail.com,22/07/2021 09:58:39 AM,22/07/2021 10:00:20 AM,2,Sí
Alejandra Rojas,,22/07/2021 09:58:42 AM,22/07/2021 10:00:18 AM,2,Sí
Marcela Aristizábal,aristizabal.marcela@uces.edu.co,22/07/2021 09:58:43 AM,22/07/2021 10:00:19 AM,2,Sí
mariana villegas perez,mavillegas2015@gmail.com,22/07/2021 09:58:44 AM,22/07/2021 10:00:18 AM,2,Sí
Daniel Acevedo,josedaniel20022014@gmail.com,22/07/2021 09:58:50 AM,22/07/2021 10:00:20 AM,2,Sí
Nicolle Baños,,22/07/2021 09:58:50 AM,22/07/2021 10:00:18 AM,2,Sí
Izavella Valencia,,22/07/2021 09:58:52 AM,22/07/2021 10:00:24 AM,2,Sí
Isabella Arango,,22/07/2021 09:58:54 AM,22/07/2021 10:00:20 AM,2,Sí
María José Franco,mariajfranco.c@gmail.com,22/07/2021 09:58:56 AM,22/07/2021 10:00:20 AM,2,Sí
Jhonatan Pasos,,22/07/2021 09:59:03 AM,22/07/2021 10:00:20 AM,2,Sí
Andrea Parra,andreapar34@hotmail.com,22/07/2021 09:59:03 AM,22/07/2021 10:00:19 AM,2,Sí
Maria Paula Suarez,,22/07/2021 09:59:28 AM,22/07/2021 10:00:23 AM,1,Sí
Duvan Duque,,22/07/2021 09:59:32 AM,22/07/2021 10:00:21 AM,1,Sí
PAULINA FLOREZ G,,22/07/2021 09:59:41 AM,22/07/2021 10:00:23 AM,1,Sí
Abraham Iriarte,,22/07/2021 10:00:06 AM,22/07/2021 10:00:19 AM,1,Sí
Verónica Obando Builes,,22/07/2021 10:00:09 AM,22/07/2021 10:00:19 AM,1,Sí
Alejandra Rojas,,22/07/2021 10:00:18 AM,22/07/2021 11:30:19 AM,91,Sí,Y
Nicolle Baños,,22/07/2021 10:00:19 AM,22/07/2021 11:30:17 AM,90,Sí,Y
Marcela Aristizábal,aristizabal.marcela@uces.edu.co,22/07/2021 10:00:19 AM,22/07/2021 11:30:31 AM,91,Sí,Y
mariana villegas perez,mavillegas2015@gmail.com,22/07/2021 10:00:19 AM,22/07/2021 11:30:16 AM,90,Sí,Y
Abraham Iriarte,,22/07/2021 10:00:19 AM,22/07/2021 11:30:16 AM,90,Sí,Y
Andrea Parra,andreapar34@hotmail.com,22/07/2021 10:00:20 AM,22/07/2021 11:30:18 AM,90,Sí,Y
Daniel Acevedo,josedaniel20022014@gmail.com,22/07/2021 10:00:20 AM,22/07/2021 11:30:15 AM,90,Sí,Y
Verónica Obando Builes,,22/07/2021 10:00:20 AM,22/07/2021 11:30:17 AM,90,Sí,Y
Isabella Arango,,22/07/2021 10:00:20 AM,22/07/2021 11:30:18 AM,90,Sí,Y
Jhonatan Pasos,,22/07/2021 10:00:20 AM,22/07/2021 11:30:15 AM,90,Sí,Y
Daniela Zabaleta,danielazabe@hotmail.com,22/07/2021 10:00:21 AM,22/07/2021 11:30:18 AM,90,Sí,Y
María José Franco,mariajfranco.c@gmail.com,22/07/2021 10:00:21 AM,22/07/2021 11:30:16 AM,90,Sí,Y
Santiago Bermudez,santiagober11389@gmail.com,22/07/2021 10:00:21 AM,22/07/2021 11:30:17 AM,90,Sí,Y
Duvan Duque,,22/07/2021 10:00:22 AM,22/07/2021 11:30:16 AM,90,Sí,Y
PAULINA FLOREZ G,,22/07/2021 10:00:23 AM,22/07/2021 10:18:22 AM,18,Sí,Y
Maria Paula Suarez,,22/07/2021 10:00:24 AM,22/07/2021 10:04:51 AM,5,Sí,Y
Izavella Valencia,,22/07/2021 10:00:24 AM,22/07/2021 11:30:16 AM,90,Sí,Y
Manuela Mizger,mizger.manuela@uces.edu.co,22/07/2021 10:00:27 AM,22/07/2021 10:00:40 AM,1,Sí
Santiago Díaz,diaz.santiago@uces.edu.co,22/07/2021 10:00:31 AM,22/07/2021 10:00:40 AM,1,Sí
Santiago Díaz,diaz.santiago@uces.edu.co,22/07/2021 10:00:40 AM,22/07/2021 11:30:19 AM,90,Sí,Y
Manuela Mizger,mizger.manuela@uces.edu.co,22/07/2021 10:00:41 AM,22/07/2021 10:18:55 AM,19,Sí,Y
Ángel Muñoz,,22/07/2021 10:00:45 AM,22/07/2021 10:01:02 AM,1,Sí
cristian bustamante,,22/07/2021 10:00:58 AM,22/07/2021 10:01:06 AM,1,Sí
Samuel Garcia,,22/07/2021 10:00:59 AM,22/07/2021 10:01:05 AM,1,Sí
Ángel Muñoz,,22/07/2021 10:01:03 AM,22/07/2021 11:30:20 AM,90,Sí,Y
Samuel Garcia,,22/07/2021 10:01:06 AM,22/07/2021 11:30:16 AM,90,Sí,Y
cristian bustamante,,22/07/2021 10:01:06 AM,22/07/2021 10:29:43 AM,29,Sí,Y
Jhon Diego Gomez Cifuentes,,22/07/2021 10:01:14 AM,22/07/2021 10:01:19 AM,1,Sí
Jhon Diego Gomez Cifuentes,,22/07/2021 10:01:19 AM,22/07/2021 11:30:15 AM,89,Sí,Y
Miguel Zuleta,,22/07/2021 10:01:27 AM,22/07/2021 10:01:34 AM,1,Sí
Santiago Amaya,,22/07/2021 10:01:29 AM,22/07/2021 10:01:38 AM,1,Sí
Miguel Zuleta,,22/07/2021 10:01:34 AM,22/07/2021 11:30:15 AM,89,Sí,Y
Santiago Amaya,,22/07/2021 10:01:39 AM,22/07/2021 11:30:18 AM,89,Sí,Y
Felipe Carmona,,22/07/2021 10:01:40 AM,22/07/2021 10:01:49 AM,1,Sí
Sergio Gómez,,22/07/2021 10:01:48 AM,22/07/2021 10:01:57 AM,1,Sí
Felipe Carmona,,22/07/2021 10:01:50 AM,22/07/2021 11:30:20 AM,89,Sí,Y
Sergio Gómez,,22/07/2021 10:01:58 AM,22/07/2021 11:30:45 AM,89,Sí,Y
Andres Martinez,,22/07/2021 10:02:04 AM,22/07/2021 10:02:09 AM,1,Sí
Andres Martinez,,22/07/2021 10:02:10 AM,22/07/2021 10:08:24 AM,7,Sí,Y
william velez mesa,williamvlz1999@gmail.com,22/07/2021 10:02:18 AM,22/07/2021 10:02:25 AM,1,Sí
william velez mesa,williamvlz1999@gmail.com,22/07/2021 10:02:26 AM,22/07/2021 11:30:18 AM,88,Sí,Y
Sara Nieto,saris20038@gmail.com,22/07/2021 10:03:59 AM,22/07/2021 10:04:07 AM,1,Sí
Sara Nieto,saris20038@gmail.com,22/07/2021 10:04:08 AM,22/07/2021 11:30:20 AM,87,Sí,Y
Sara Osorno,saralarrea07@gmail.com,22/07/2021 10:04:13 AM,22/07/2021 10:04:23 AM,1,Sí
Sara Osorno,saralarrea07@gmail.com,22/07/2021 10:04:23 AM,22/07/2021 11:30:20 AM,86,Sí,Y
geronimo buitrago,gerobuitrago123@gmail.com,22/07/2021 10:04:29 AM,22/07/2021 10:04:34 AM,1,Sí
geronimo buitrago,gerobuitrago123@gmail.com,22/07/2021 10:04:35 AM,22/07/2021 11:30:16 AM,86,Sí,Y
Maria Paula Suarez,,22/07/2021 10:04:51 AM,22/07/2021 11:30:18 AM,86,Sí
Sara Osorno,,22/07/2021 10:06:27 AM,22/07/2021 10:06:53 AM,1,Sí
Sara Osorno,,22/07/2021 10:06:54 AM,22/07/2021 10:07:47 AM,1,Sí,Y
Tomas Ochoa,tomasoji@gmail.com,22/07/2021 10:10:12 AM,22/07/2021 10:10:17 AM,1,Sí
Tomas Ochoa,tomasoji@gmail.com,22/07/2021 10:10:17 AM,22/07/2021 11:30:21 AM,81,Sí,Y
PAULINA FLOREZ G,,22/07/2021 10:19:03 AM,22/07/2021 10:21:05 AM,3,Sí
Manuela Mizger,mizger.manuela@uces.edu.co,22/07/2021 10:19:08 AM,22/07/2021 10:32:04 AM,13,Sí
PAULINA FLOREZ G,,22/07/2021 10:27:34 AM,22/07/2021 10:27:52 AM,1,Sí
PAULINA FLOREZ G,,22/07/2021 10:27:53 AM,22/07/2021 11:30:21 AM,63,Sí,Y
Andres Martinez,,22/07/2021 10:29:35 AM,22/07/2021 10:29:39 AM,1,Sí
Andres Martinez,,22/07/2021 10:29:39 AM,22/07/2021 10:45:20 AM,16,Sí,Y
cristian bustamante,,22/07/2021 10:31:56 AM,22/07/2021 10:32:04 AM,1,Sí
cristian bustamante,,22/07/2021 10:32:05 AM,22/07/2021 11:30:16 AM,59,Sí
Manuela Mizger,mizger.manuela@uces.edu.co,22/07/2021 10:32:20 AM,22/07/2021 10:41:17 AM,9,Sí
Johan Chacón,,22/07/2021 10:36:33 AM,22/07/2021 10:36:39 AM,1,Sí
Johan Chacón,,22/07/2021 10:36:39 AM,22/07/2021 11:30:17 AM,54,Sí,Y
Andres Martinez,,22/07/2021 10:47:54 AM,22/07/2021 10:48:00 AM,1,Sí
Andres Martinez,,22/07/2021 10:48:00 AM,22/07/2021 11:02:55 AM,15,Sí,Y
Manuela Mizger,mizger.manuela@uces.edu.co,22/07/2021 11:09:43 AM,22/07/2021 11:30:18 AM,21,Sí
Andres Martinez,,22/07/2021 11:14:51 AM,22/07/2021 11:14:57 AM,1,Sí
Andres Martinez,,22/07/2021 11:14:57 AM,22/07/2021 11:30:20 AM,16,Sí,Y
Manuela Mizger,mizger.manuela@uces.edu.co,22/07/2021 10:41:18 AM,22/07/2021 11:09:21 AM,29,Sí
