﻿ID de la reunión,Tema,Hora de inicio,Hora de finalización,E-mail del usuario,Duración (minutos),Participantes,
6573450185,Sala Virtual 85's Personal Meeting Room,23/08/2021 07:59:56 AM,23/08/2021 10:08:33 AM,zooms85@ces.edu.co,129,28,

Nombre (nombre original),E-mail del usuario,Hora para unirse,Hora para salir,Duración (minutos),Invitado,Consentimiento de grabación
Sala Virtual 85,zooms85@ces.edu.co,23/08/2021 07:59:56 AM,23/08/2021 09:59:55 AM,120,No
Andres Martinez,,23/08/2021 08:00:05 AM,23/08/2021 08:01:02 AM,1,Sí
Nicolle Baños,,23/08/2021 08:00:16 AM,23/08/2021 08:01:04 AM,1,Sí
Santiago Bermudez,santiagober11389@gmail.com,23/08/2021 08:00:18 AM,23/08/2021 08:01:05 AM,1,Sí
Sala Virtual 85,zooms85@ces.edu.co,23/08/2021 08:00:19 AM,23/08/2021 10:09:18 AM,129,No
Santiago Amaya,santii824@hotmail.com,23/08/2021 08:00:20 AM,23/08/2021 08:01:02 AM,1,Sí
Manuela Mizger,,23/08/2021 08:01:01 AM,23/08/2021 08:01:44 AM,1,Sí
Andres Martinez,,23/08/2021 08:01:02 AM,23/08/2021 09:49:37 AM,109,Sí,Y
Santiago Amaya,santii824@hotmail.com,23/08/2021 08:01:03 AM,23/08/2021 08:08:32 AM,8,Sí
Nicolle Baños,,23/08/2021 08:01:05 AM,23/08/2021 09:49:35 AM,109,Sí,Y
Santiago Bermudez,santiagober11389@gmail.com,23/08/2021 08:01:05 AM,23/08/2021 08:48:16 AM,48,Sí,Y
Manuela Mizger,,23/08/2021 08:01:44 AM,23/08/2021 09:51:56 AM,111,Sí,Y
William velez,,23/08/2021 08:02:14 AM,23/08/2021 08:02:18 AM,1,Sí
William velez,,23/08/2021 08:02:19 AM,23/08/2021 09:49:36 AM,108,Sí,Y
Sara Osorno,,23/08/2021 08:02:41 AM,23/08/2021 08:02:50 AM,1,Sí
Sara Osorno,,23/08/2021 08:02:51 AM,23/08/2021 09:49:00 AM,107,Sí,Y
Felipe Carmona,,23/08/2021 08:03:21 AM,23/08/2021 08:03:26 AM,1,Sí
Felipe Carmona,,23/08/2021 08:03:26 AM,23/08/2021 09:42:46 AM,100,Sí,Y
Alejandra Rojas,,23/08/2021 08:03:29 AM,23/08/2021 08:03:33 AM,1,Sí
Alejandra Rojas,,23/08/2021 08:03:33 AM,23/08/2021 09:48:58 AM,106,Sí,Y
cristian bustamante,,23/08/2021 08:04:54 AM,23/08/2021 08:05:03 AM,1,Sí
cristian bustamante,,23/08/2021 08:05:04 AM,23/08/2021 09:39:23 AM,95,Sí,Y
mariana villegas perez,mavillegas2015@gmail.com,23/08/2021 08:06:57 AM,23/08/2021 08:07:12 AM,1,Sí
mariana villegas perez,mavillegas2015@gmail.com,23/08/2021 08:07:13 AM,23/08/2021 09:30:23 AM,84,Sí,Y
Johan Chacon,,23/08/2021 08:08:02 AM,23/08/2021 08:09:19 AM,2,Sí
Daniel Acevedo,josedaniel20022014@gmail.com,23/08/2021 08:08:55 AM,23/08/2021 08:09:20 AM,1,Sí
Johan Chacon,,23/08/2021 08:09:19 AM,23/08/2021 09:49:28 AM,101,Sí,Y
Daniel Acevedo,josedaniel20022014@gmail.com,23/08/2021 08:09:21 AM,23/08/2021 09:38:17 AM,89,Sí,Y
Tomas Ochoa,tomasoji@gmail.com,23/08/2021 08:16:53 AM,23/08/2021 08:17:11 AM,1,Sí
Geronimo Buitrago,,23/08/2021 08:17:10 AM,23/08/2021 08:17:21 AM,1,Sí
Tomas Ochoa,tomasoji@gmail.com,23/08/2021 08:17:12 AM,23/08/2021 09:49:38 AM,93,Sí,Y
Geronimo Buitrago,,23/08/2021 08:17:21 AM,23/08/2021 09:39:56 AM,83,Sí,Y
Samuel Garcia,,23/08/2021 08:19:42 AM,23/08/2021 08:20:04 AM,1,Sí
Samuel Garcia,,23/08/2021 08:20:05 AM,23/08/2021 09:49:16 AM,90,Sí,Y
Santiago Díaz,diaz.santiago@uces.edu.co,23/08/2021 08:20:54 AM,23/08/2021 08:20:59 AM,1,Sí
Santiago Díaz,diaz.santiago@uces.edu.co,23/08/2021 08:20:59 AM,23/08/2021 09:34:52 AM,74,Sí,Y
Abraham Iriarte,,23/08/2021 08:24:24 AM,23/08/2021 08:24:39 AM,1,Sí
Abraham Iriarte,,23/08/2021 08:24:39 AM,23/08/2021 09:44:32 AM,80,Sí,Y
Maria Paula Suarez,,23/08/2021 08:24:52 AM,23/08/2021 08:25:37 AM,1,Sí
Izavella Valencia,valencia.izavella@uces.edu.co,23/08/2021 08:25:34 AM,23/08/2021 08:26:01 AM,1,Sí
Maria Paula Suarez,,23/08/2021 08:25:37 AM,23/08/2021 08:53:24 AM,28,Sí,Y
Izavella Valencia,valencia.izavella@uces.edu.co,23/08/2021 08:26:01 AM,23/08/2021 09:44:40 AM,79,Sí,Y
Andrea Parra,andreapar34@hotmail.com,23/08/2021 08:31:52 AM,23/08/2021 08:32:04 AM,1,Sí
Andrea Parra,andreapar34@hotmail.com,23/08/2021 08:32:04 AM,23/08/2021 09:46:56 AM,75,Sí,Y
Maria Jose Franco,,23/08/2021 08:45:03 AM,23/08/2021 08:45:13 AM,1,Sí
Maria Jose Franco,,23/08/2021 08:45:13 AM,23/08/2021 09:49:02 AM,64,Sí,Y
Santiago Bermudez,santiagober11389@gmail.com,23/08/2021 08:48:34 AM,23/08/2021 08:50:45 AM,3,Sí
Paulina Orozco,paulina.orozco2000@gmail.com,23/08/2021 08:50:14 AM,23/08/2021 08:50:25 AM,1,Sí
Paulina Orozco,paulina.orozco2000@gmail.com,23/08/2021 08:50:26 AM,23/08/2021 09:23:51 AM,34,Sí,Y
Santiago Bermudez,santiagober11389@gmail.com,23/08/2021 08:50:46 AM,23/08/2021 09:36:11 AM,46,Sí
Maria Paula Suarez,,23/08/2021 08:53:53 AM,23/08/2021 08:54:52 AM,1,Sí
Maria Paula Suarez,,23/08/2021 08:54:53 AM,23/08/2021 09:49:40 AM,55,Sí,Y
Paulina Orozco,paulina.orozco2000@gmail.com,23/08/2021 09:23:58 AM,23/08/2021 09:24:05 AM,1,Sí
Paulina Orozco,paulina.orozco2000@gmail.com,23/08/2021 09:24:05 AM,23/08/2021 09:45:19 AM,22,Sí
