﻿ID de la reunión,Tema,Hora de inicio,Hora de finalización,E-mail del usuario,Duración (minutos),Participantes,
6573450185,Sala Virtual 85's Personal Meeting Room,05/08/2021 09:59:42 AM,05/08/2021 10:00:20 AM,zooms85@ces.edu.co,1,23,

Nombre (nombre original),E-mail del usuario,Hora para unirse,Hora para salir,Duración (minutos),Invitado
Sala Virtual 85,zooms85@ces.edu.co,05/08/2021 09:59:42 AM,05/08/2021 10:00:20 AM,1,No
Daniel Acevedo,josedaniel20022014@gmail.com,05/08/2021 09:59:46 AM,05/08/2021 10:00:20 AM,1,Sí
Santiago Díaz,diaz.santiago@uces.edu.co,05/08/2021 09:59:47 AM,05/08/2021 10:00:19 AM,1,Sí
Manuela  Mizger,mizger.manuela@uces.edu.co,05/08/2021 09:59:48 AM,05/08/2021 10:00:20 AM,1,Sí
geronimo buitrago,gerobuitrago123@gmail.com,05/08/2021 09:59:49 AM,05/08/2021 10:00:20 AM,1,Sí
mariana villegas perez,mavillegas2015@gmail.com,05/08/2021 09:59:50 AM,05/08/2021 10:00:20 AM,1,Sí
Abraham Iriarte,,05/08/2021 09:59:51 AM,05/08/2021 10:00:19 AM,1,Sí
Paulina Orozco,paulina.orozco2000@gmail.com,05/08/2021 09:59:52 AM,05/08/2021 10:00:20 AM,1,Sí
María José Franco,mariajfranco.c@gmail.com,05/08/2021 09:59:52 AM,05/08/2021 10:01:06 AM,2,Sí
Alejandra Rojas,,05/08/2021 09:59:52 AM,05/08/2021 10:00:19 AM,1,Sí
Sara Nieto,saris20038@gmail.com,05/08/2021 09:59:56 AM,05/08/2021 10:00:20 AM,1,Sí
Sara Osorno,,05/08/2021 09:59:56 AM,05/08/2021 10:00:19 AM,1,Sí
Maria Paula Suarez,,05/08/2021 10:00:01 AM,05/08/2021 10:00:19 AM,1,Sí
william velez mesa,williamvlz1999@gmail.com,05/08/2021 10:00:03 AM,05/08/2021 10:00:19 AM,1,Sí
Tomas Ochoa,tomasoji@gmail.com,05/08/2021 10:00:04 AM,05/08/2021 10:00:20 AM,1,Sí
Isabella Arango,,05/08/2021 10:00:04 AM,05/08/2021 10:00:19 AM,1,Sí
Andrea Parra,andreapar34@hotmail.com,05/08/2021 10:00:07 AM,05/08/2021 10:00:19 AM,1,Sí
Marcela Aristizábal,aristizabal.marcela@uces.edu.co,05/08/2021 10:00:08 AM,05/08/2021 10:00:22 AM,1,Sí
Jhonatan Pasos,,05/08/2021 10:00:10 AM,05/08/2021 10:00:19 AM,1,Sí
Nicolle Baños,,05/08/2021 10:00:12 AM,05/08/2021 10:00:20 AM,1,Sí
Andres Martinez,,05/08/2021 10:00:15 AM,05/08/2021 10:00:19 AM,1,Sí
Izavella Valencia,valencia.izavella@uces.edu.co,05/08/2021 10:00:16 AM,05/08/2021 10:00:19 AM,1,Sí
Verónica Obando Builes,,05/08/2021 09:59:51 AM,05/08/2021 10:00:20 AM,1,Sí
