﻿ID de la reunión,Tema,Hora de inicio,Hora de finalización,E-mail del usuario,Duración (minutos),Participantes,
6573450185,Sala Virtual 85's Personal Meeting Room,26/07/2021 08:03:57 AM,26/07/2021 09:35:48 AM,zooms85@ces.edu.co,92,25,

Nombre (nombre original),E-mail del usuario,Hora para unirse,Hora para salir,Duración (minutos),Invitado,Consentimiento de grabación
Sala Virtual 85,zooms85@ces.edu.co,26/07/2021 08:03:57 AM,26/07/2021 09:05:52 AM,62,No
Johan Chacon,,26/07/2021 08:04:04 AM,26/07/2021 08:04:20 AM,1,Sí
Andrea Parra,andreapar34@hotmail.com,26/07/2021 08:04:04 AM,26/07/2021 08:04:21 AM,1,Sí
Jhonatan Pasos,,26/07/2021 08:04:08 AM,26/07/2021 08:04:20 AM,1,Sí
Maria Paula Suarez,,26/07/2021 08:04:13 AM,26/07/2021 08:04:20 AM,1,Sí
Santiago Bermudez,santiagober11389@gmail.com,26/07/2021 08:04:14 AM,26/07/2021 08:04:20 AM,1,Sí
Maria Paula Suarez,,26/07/2021 08:04:20 AM,26/07/2021 09:30:58 AM,87,Sí,Y
Jhonatan Pasos,,26/07/2021 08:04:21 AM,26/07/2021 09:02:58 AM,59,Sí,Y
Johan Chacon,,26/07/2021 08:04:21 AM,26/07/2021 09:30:50 AM,87,Sí,Y
Santiago Bermudez,santiagober11389@gmail.com,26/07/2021 08:04:21 AM,26/07/2021 09:01:52 AM,58,Sí,Y
Ángel Muñoz,,26/07/2021 08:04:21 AM,26/07/2021 08:04:39 AM,1,Sí
Andrea Parra,andreapar34@hotmail.com,26/07/2021 08:04:22 AM,26/07/2021 09:30:53 AM,87,Sí,Y
Sara Osorno,,26/07/2021 08:04:24 AM,26/07/2021 08:04:39 AM,1,Sí
Sala Virtual 85,zooms85@ces.edu.co,26/07/2021 08:04:32 AM,26/07/2021 09:35:48 AM,92,No,Y
Sara Osorno,,26/07/2021 08:04:39 AM,26/07/2021 09:31:46 AM,88,Sí,Y
Ángel Muñoz,,26/07/2021 08:04:40 AM,26/07/2021 09:30:57 AM,87,Sí,Y
Andres Martinez,,26/07/2021 08:05:09 AM,26/07/2021 08:07:31 AM,3,Sí
Nicolle Baños,,26/07/2021 08:06:18 AM,26/07/2021 08:07:33 AM,2,Sí
Sergio Gomez,,26/07/2021 08:07:23 AM,26/07/2021 08:07:28 AM,1,Sí
Andres Martinez,,26/07/2021 08:07:31 AM,26/07/2021 09:28:45 AM,82,Sí,Y
Nicolle Baños,,26/07/2021 08:07:33 AM,26/07/2021 09:32:35 AM,86,Sí,Y
Daniel Acevedo,josedaniel20022014@gmail.com,26/07/2021 08:08:57 AM,26/07/2021 08:09:05 AM,1,Sí
Daniel Acevedo,josedaniel20022014@gmail.com,26/07/2021 08:09:06 AM,26/07/2021 09:30:24 AM,82,Sí,Y
Tomas Ochoa,tomasoji@gmail.com,26/07/2021 08:09:42 AM,26/07/2021 08:10:39 AM,1,Sí
Tomas Ochoa,tomasoji@gmail.com,26/07/2021 08:10:39 AM,26/07/2021 09:33:08 AM,83,Sí,Y
william velez mesa,williamvlz1999@gmail.com,26/07/2021 08:10:39 AM,26/07/2021 08:10:43 AM,1,Sí
william velez mesa,williamvlz1999@gmail.com,26/07/2021 08:10:44 AM,26/07/2021 09:31:13 AM,81,Sí,Y
Felipe Carmona,,26/07/2021 08:10:53 AM,26/07/2021 08:11:04 AM,1,Sí
Felipe Carmona,,26/07/2021 08:11:05 AM,26/07/2021 09:30:22 AM,80,Sí,Y
Miguel Zuleta,,26/07/2021 08:11:55 AM,26/07/2021 08:12:03 AM,1,Sí
Miguel Zuleta,,26/07/2021 08:12:03 AM,26/07/2021 09:31:14 AM,80,Sí,Y
Alejandra Rojas,,26/07/2021 08:12:42 AM,26/07/2021 08:12:45 AM,1,Sí
Alejandra Rojas,,26/07/2021 08:12:45 AM,26/07/2021 09:30:46 AM,79,Sí,Y
Samuel Garcia,,26/07/2021 08:13:37 AM,26/07/2021 08:13:44 AM,1,Sí
Samuel Garcia,,26/07/2021 08:13:45 AM,26/07/2021 09:30:22 AM,77,Sí,Y
Daniela Zabaleta,danielazabe@hotmail.com,26/07/2021 08:17:59 AM,26/07/2021 08:18:04 AM,1,Sí
Daniela Zabaleta,danielazabe@hotmail.com,26/07/2021 08:18:05 AM,26/07/2021 09:30:48 AM,73,Sí,Y
cristian bustamante,,26/07/2021 08:23:09 AM,26/07/2021 08:23:17 AM,1,Sí
cristian bustamante,,26/07/2021 08:23:18 AM,26/07/2021 09:30:55 AM,68,Sí,Y
Jhonatan Pasos,,26/07/2021 09:03:08 AM,26/07/2021 09:04:19 AM,2,Sí
Jhonatan Pasos,,26/07/2021 09:06:17 AM,26/07/2021 09:08:35 AM,3,Sí
Sala Virtual 85,zooms85@ces.edu.co,26/07/2021 09:07:52 AM,26/07/2021 09:31:58 AM,25,No
Jhonatan Pasos,,26/07/2021 09:08:35 AM,26/07/2021 09:31:01 AM,23,Sí
Andres Martinez,,26/07/2021 09:29:00 AM,26/07/2021 09:32:59 AM,4,Sí
