﻿ID de la reunión,Tema,Hora de inicio,Hora de finalización,E-mail del usuario,Duración (minutos),Participantes,
6573450185,Sala Virtual 85's Personal Meeting Room,15/07/2021 09:58:51 AM,15/07/2021 11:52:10 AM,zooms85@ces.edu.co,114,45,

Nombre (nombre original),E-mail del usuario,Hora para unirse,Hora para salir,Duración (minutos),Invitado,Consentimiento de grabación
Sala Virtual 85,zooms85@ces.edu.co,15/07/2021 09:58:51 AM,15/07/2021 11:52:09 AM,114,No
Maria Paula Suarez,,15/07/2021 09:58:55 AM,15/07/2021 10:00:21 AM,2,Sí
Nicolle Baños,,15/07/2021 09:58:58 AM,15/07/2021 10:00:20 AM,2,Sí
Sergio Gómez,,15/07/2021 09:58:59 AM,15/07/2021 10:00:23 AM,2,Sí
mariana villegas perez,mavillegas2015@gmail.com,15/07/2021 09:58:59 AM,15/07/2021 10:00:22 AM,2,Sí
Marcela Aristizábal,aristizabal.marcela@uces.edu.co,15/07/2021 09:58:59 AM,15/07/2021 10:00:21 AM,2,Sí
Sara Osorno,,15/07/2021 09:59:04 AM,15/07/2021 10:00:19 AM,2,Sí
cristian bustamante,,15/07/2021 09:59:05 AM,15/07/2021 10:00:24 AM,2,Sí
Verónica Obando Builes,,15/07/2021 09:59:10 AM,15/07/2021 10:00:24 AM,2,Sí
Alejandra Rojas,,15/07/2021 09:59:11 AM,15/07/2021 10:00:18 AM,2,Sí
Santiago Bermudez,santiagober11389@gmail.com,15/07/2021 09:59:13 AM,15/07/2021 10:00:26 AM,2,Sí
geronimo buitrago,gerobuitrago123@gmail.com,15/07/2021 09:59:16 AM,15/07/2021 10:00:19 AM,2,Sí
Ángel Muñoz,,15/07/2021 09:59:17 AM,15/07/2021 10:00:20 AM,2,Sí
Andrea Parra,andreapar34@hotmail.com,15/07/2021 09:59:19 AM,15/07/2021 10:00:23 AM,2,Sí
Isabella Arango,,15/07/2021 09:59:25 AM,15/07/2021 10:00:20 AM,1,Sí
María José Franco,mariajfranco.c@gmail.com,15/07/2021 09:59:25 AM,15/07/2021 10:00:22 AM,1,Sí
Daniela Zabaleta,danielazabe@hotmail.com,15/07/2021 09:59:39 AM,15/07/2021 10:00:21 AM,1,Sí
Jhonatan Pasos,,15/07/2021 09:59:46 AM,15/07/2021 10:00:20 AM,1,Sí
Sara Nieto,saris20038@gmail.com,15/07/2021 09:59:52 AM,15/07/2021 10:00:34 AM,1,Sí
Manuela  Mizger,mizger.manuela@uces.edu.co,15/07/2021 09:59:55 AM,15/07/2021 10:00:19 AM,1,Sí
Daniel Acevedo,josedaniel20022014@gmail.com,15/07/2021 10:00:05 AM,15/07/2021 10:00:20 AM,1,Sí
Alejandra Rojas,,15/07/2021 10:00:18 AM,15/07/2021 11:43:22 AM,104,Sí,Y
geronimo buitrago,gerobuitrago123@gmail.com,15/07/2021 10:00:19 AM,15/07/2021 11:43:20 AM,104,Sí,Y
Manuela  Mizger,mizger.manuela@uces.edu.co,15/07/2021 10:00:19 AM,15/07/2021 10:35:29 AM,36,Sí,Y
Sara Osorno,,15/07/2021 10:00:20 AM,15/07/2021 11:20:38 AM,81,Sí,Y
Jhonatan Pasos,,15/07/2021 10:00:20 AM,15/07/2021 11:43:20 AM,103,Sí,Y
Isabella Arango,,15/07/2021 10:00:20 AM,15/07/2021 11:43:22 AM,104,Sí,Y
Ángel Muñoz,,15/07/2021 10:00:21 AM,15/07/2021 11:43:29 AM,104,Sí,Y
Daniel Acevedo,josedaniel20022014@gmail.com,15/07/2021 10:00:21 AM,15/07/2021 11:43:21 AM,103,Sí,Y
Maria Paula Suarez,,15/07/2021 10:00:21 AM,15/07/2021 10:09:31 AM,10,Sí,Y
Nicolle Baños,,15/07/2021 10:00:21 AM,15/07/2021 11:43:25 AM,104,Sí,Y
Marcela Aristizábal,aristizabal.marcela@uces.edu.co,15/07/2021 10:00:21 AM,15/07/2021 11:51:53 AM,112,Sí,Y
Daniela Zabaleta,danielazabe@hotmail.com,15/07/2021 10:00:22 AM,15/07/2021 11:43:23 AM,104,Sí,Y
mariana villegas perez,mavillegas2015@gmail.com,15/07/2021 10:00:22 AM,15/07/2021 11:44:07 AM,104,Sí,Y
María José Franco,mariajfranco.c@gmail.com,15/07/2021 10:00:22 AM,15/07/2021 11:43:36 AM,104,Sí,Y
Andrea Parra,andreapar34@hotmail.com,15/07/2021 10:00:23 AM,15/07/2021 10:05:34 AM,6,Sí,Y
Sergio Gómez,,15/07/2021 10:00:23 AM,15/07/2021 11:43:18 AM,103,Sí,Y
Verónica Obando Builes,,15/07/2021 10:00:24 AM,15/07/2021 11:43:21 AM,103,Sí,Y
cristian bustamante,,15/07/2021 10:00:25 AM,15/07/2021 11:43:21 AM,103,Sí,Y
Santiago Díaz,diaz.santiago@uces.edu.co,15/07/2021 10:01:10 AM,15/07/2021 10:01:20 AM,1,Sí
Santiago Díaz,diaz.santiago@uces.edu.co,15/07/2021 10:01:20 AM,15/07/2021 11:43:22 AM,103,Sí,Y
Miguel Zuleta,,15/07/2021 10:01:23 AM,15/07/2021 10:01:29 AM,1,Sí
Miguel Zuleta,,15/07/2021 10:01:30 AM,15/07/2021 11:43:24 AM,102,Sí,Y
Jhon Diego Gomez Cifuentes,,15/07/2021 10:01:30 AM,15/07/2021 10:01:48 AM,1,Sí
Jhon Diego Gomez Cifuentes,,15/07/2021 10:01:49 AM,15/07/2021 11:43:20 AM,102,Sí,Y
Santiago Amaya,,15/07/2021 10:02:49 AM,15/07/2021 10:02:58 AM,1,Sí
Santiago Amaya,,15/07/2021 10:02:59 AM,15/07/2021 11:43:25 AM,101,Sí,Y
Felipe Carmona,,15/07/2021 10:03:11 AM,15/07/2021 10:03:25 AM,1,Sí
william velez mesa,williamvlz1999@gmail.com,15/07/2021 10:03:14 AM,15/07/2021 10:03:30 AM,1,Sí
Samuel Garcia,,15/07/2021 10:03:23 AM,15/07/2021 10:03:39 AM,1,Sí
Felipe Carmona,,15/07/2021 10:03:25 AM,15/07/2021 11:46:44 AM,104,Sí,Y
william velez mesa,williamvlz1999@gmail.com,15/07/2021 10:03:31 AM,15/07/2021 11:43:18 AM,100,Sí,Y
Samuel Garcia,,15/07/2021 10:03:39 AM,15/07/2021 11:43:24 AM,100,Sí,Y
Abraham Iriarte,,15/07/2021 10:04:17 AM,15/07/2021 10:04:28 AM,1,Sí
Paulina Orozco,,15/07/2021 10:04:27 AM,15/07/2021 10:04:37 AM,1,Sí
Abraham Iriarte,,15/07/2021 10:04:28 AM,15/07/2021 11:32:40 AM,89,Sí,Y
Paulina Orozco,,15/07/2021 10:04:37 AM,15/07/2021 11:43:18 AM,99,Sí,Y
Johan Chacon,,15/07/2021 10:05:02 AM,15/07/2021 10:05:08 AM,1,Sí
Johan Chacon,,15/07/2021 10:05:09 AM,15/07/2021 11:43:23 AM,99,Sí,Y
Andrea Parra,andreapar34@hotmail.com,15/07/2021 10:05:49 AM,15/07/2021 10:05:56 AM,1,Sí
Andrea Parra,andreapar34@hotmail.com,15/07/2021 10:05:57 AM,15/07/2021 11:43:24 AM,98,Sí
Tomas Ochoa,tomasoji@gmail.com,15/07/2021 10:06:55 AM,15/07/2021 10:07:00 AM,1,Sí
Tomas Ochoa,tomasoji@gmail.com,15/07/2021 10:07:01 AM,15/07/2021 11:43:22 AM,97,Sí,Y
Maria Paula Suarez,,15/07/2021 10:09:55 AM,15/07/2021 10:10:02 AM,1,Sí
Maria Paula Suarez,,15/07/2021 10:10:02 AM,15/07/2021 11:43:29 AM,94,Sí
Izavella Valencia,valencia.izavella@uces.edu.co,15/07/2021 10:10:21 AM,15/07/2021 10:10:27 AM,1,Sí
Izavella Valencia,valencia.izavella@uces.edu.co,15/07/2021 10:10:27 AM,15/07/2021 11:45:33 AM,96,Sí,Y
Andres Martinez,,15/07/2021 10:11:16 AM,15/07/2021 10:11:20 AM,1,Sí
Andres Martinez,,15/07/2021 10:11:20 AM,15/07/2021 10:15:03 AM,4,Sí,Y
Andres Martinez,,15/07/2021 10:15:17 AM,15/07/2021 10:15:55 AM,1,Sí
Andres Martinez,,15/07/2021 10:15:56 AM,15/07/2021 10:19:59 AM,5,Sí,Y
Andres Martinez,afms0309@gmail.com,15/07/2021 10:17:58 AM,15/07/2021 10:19:36 AM,2,Sí
PAULINA FLOREZ G,,15/07/2021 10:19:19 AM,15/07/2021 10:19:32 AM,1,Sí
PAULINA FLOREZ G,,15/07/2021 10:19:33 AM,15/07/2021 10:23:02 AM,4,Sí,Y
Andres Martinez,afms0309@gmail.com,15/07/2021 10:19:36 AM,15/07/2021 11:43:25 AM,84,Sí,Y
Manuela Mizger,,15/07/2021 10:35:25 AM,15/07/2021 10:35:31 AM,1,Sí
Manuela Mizger,,15/07/2021 10:35:31 AM,15/07/2021 10:59:30 AM,24,Sí,Y
Manuela Mizger,,15/07/2021 11:01:14 AM,15/07/2021 11:01:21 AM,1,Sí
Manuela Mizger,,15/07/2021 11:01:22 AM,15/07/2021 11:40:24 AM,40,Sí
Sara Osorno,,15/07/2021 11:22:10 AM,15/07/2021 11:22:22 AM,1,Sí
Sara Osorno,,15/07/2021 11:22:22 AM,15/07/2021 11:43:22 AM,21,Sí
Julieth Mora,,15/07/2021 11:29:36 AM,15/07/2021 11:29:43 AM,1,Sí
Julieth Mora,,15/07/2021 11:29:44 AM,15/07/2021 11:30:14 AM,1,Sí,Y
Izavella Valencia,valencia.izavella@uces.edu.co,15/07/2021 11:46:33 AM,15/07/2021 11:46:41 AM,1,Sí
Izavella Valencia,valencia.izavella@uces.edu.co,15/07/2021 11:46:42 AM,15/07/2021 11:51:56 AM,6,Sí
Santiago Bermudez,santiagober11389@gmail.com,15/07/2021 10:00:27 AM,15/07/2021 11:43:24 AM,103,Sí,Y
Sara Nieto,saris20038@gmail.com,15/07/2021 10:00:34 AM,15/07/2021 11:46:25 AM,106,Sí,Y
PAULINA FLOREZ G,,15/07/2021 10:23:09 AM,15/07/2021 11:52:09 AM,89,Sí
